x_Battery_0	0
x_Battery_1	0
x_Battery_2	0
x_Battery_3	0
x_CHP_0	0
x_CHP_1	0
x_CHP_2	0
x_CHP_3	0
x_CHP_4	0
x_HP_0	0
x_HP_1	0
x_HP_2	0
x_HP_3	0
x_HP_4	0
x_HP_5	0
x_TES_0	1
x_TES_1	0
x_TES_2	0
x_TES_3	0
x_TES_4	0
x_Boiler_0	1
x_Boiler_1	0
x_Boiler_2	0
x_Boiler_3	0
x_Boiler_4	0
x_Boiler_5	0
x_PV	1
x_STC	0
x_EH	0
y_HP_0_0_0	0
y_HP_0_0_1	0
y_HP_0_0_2	0
y_HP_0_0_3	0
y_HP_0_0_4	0
y_HP_0_0_5	0
y_CHP_0_0_0	0
y_CHP_0_0_1	0
y_CHP_0_0_2	0
y_CHP_0_0_3	0
y_CHP_0_0_4	0
y_Boiler_0_0_0	1
y_Boiler_0_0_1	0
y_Boiler_0_0_2	0
y_Boiler_0_0_3	0
y_Boiler_0_0_4	0
y_Boiler_0_0_5	0
y_HP_0_1_0	0
y_HP_0_1_1	0
y_HP_0_1_2	0
y_HP_0_1_3	0
y_HP_0_1_4	0
y_HP_0_1_5	0
y_CHP_0_1_0	0
y_CHP_0_1_1	0
y_CHP_0_1_2	0
y_CHP_0_1_3	0
y_CHP_0_1_4	0
y_Boiler_0_1_0	0
y_Boiler_0_1_1	0
y_Boiler_0_1_2	0
y_Boiler_0_1_3	0
y_Boiler_0_1_4	0
y_Boiler_0_1_5	0
y_HP_0_2_0	0
y_HP_0_2_1	0
y_HP_0_2_2	0
y_HP_0_2_3	0
y_HP_0_2_4	0
y_HP_0_2_5	0
y_CHP_0_2_0	0
y_CHP_0_2_1	0
y_CHP_0_2_2	0
y_CHP_0_2_3	0
y_CHP_0_2_4	0
y_Boiler_0_2_0	0
y_Boiler_0_2_1	0
y_Boiler_0_2_2	0
y_Boiler_0_2_3	0
y_Boiler_0_2_4	0
y_Boiler_0_2_5	0
y_HP_0_3_0	0
y_HP_0_3_1	0
y_HP_0_3_2	0
y_HP_0_3_3	0
y_HP_0_3_4	0
y_HP_0_3_5	0
y_CHP_0_3_0	0
y_CHP_0_3_1	0
y_CHP_0_3_2	0
y_CHP_0_3_3	0
y_CHP_0_3_4	0
y_Boiler_0_3_0	1
y_Boiler_0_3_1	0
y_Boiler_0_3_2	0
y_Boiler_0_3_3	0
y_Boiler_0_3_4	0
y_Boiler_0_3_5	0
y_HP_0_4_0	0
y_HP_0_4_1	0
y_HP_0_4_2	0
y_HP_0_4_3	0
y_HP_0_4_4	0
y_HP_0_4_5	0
y_CHP_0_4_0	0
y_CHP_0_4_1	0
y_CHP_0_4_2	0
y_CHP_0_4_3	0
y_CHP_0_4_4	0
y_Boiler_0_4_0	0
y_Boiler_0_4_1	0
y_Boiler_0_4_2	0
y_Boiler_0_4_3	0
y_Boiler_0_4_4	0
y_Boiler_0_4_5	0
y_HP_0_5_0	0
y_HP_0_5_1	0
y_HP_0_5_2	0
y_HP_0_5_3	0
y_HP_0_5_4	0
y_HP_0_5_5	0
y_CHP_0_5_0	0
y_CHP_0_5_1	0
y_CHP_0_5_2	0
y_CHP_0_5_3	0
y_CHP_0_5_4	0
y_Boiler_0_5_0	1
y_Boiler_0_5_1	0
y_Boiler_0_5_2	0
y_Boiler_0_5_3	0
y_Boiler_0_5_4	0
y_Boiler_0_5_5	0
y_HP_0_6_0	0
y_HP_0_6_1	0
y_HP_0_6_2	0
y_HP_0_6_3	0
y_HP_0_6_4	0
y_HP_0_6_5	0
y_CHP_0_6_0	0
y_CHP_0_6_1	0
y_CHP_0_6_2	0
y_CHP_0_6_3	0
y_CHP_0_6_4	0
y_Boiler_0_6_0	0
y_Boiler_0_6_1	0
y_Boiler_0_6_2	0
y_Boiler_0_6_3	0
y_Boiler_0_6_4	0
y_Boiler_0_6_5	0
y_HP_0_7_0	0
y_HP_0_7_1	0
y_HP_0_7_2	0
y_HP_0_7_3	0
y_HP_0_7_4	0
y_HP_0_7_5	0
y_CHP_0_7_0	0
y_CHP_0_7_1	0
y_CHP_0_7_2	0
y_CHP_0_7_3	0
y_CHP_0_7_4	0
y_Boiler_0_7_0	1
y_Boiler_0_7_1	0
y_Boiler_0_7_2	0
y_Boiler_0_7_3	0
y_Boiler_0_7_4	0
y_Boiler_0_7_5	0
y_HP_0_8_0	0
y_HP_0_8_1	0
y_HP_0_8_2	0
y_HP_0_8_3	0
y_HP_0_8_4	0
y_HP_0_8_5	0
y_CHP_0_8_0	0
y_CHP_0_8_1	0
y_CHP_0_8_2	0
y_CHP_0_8_3	0
y_CHP_0_8_4	0
y_Boiler_0_8_0	0
y_Boiler_0_8_1	0
y_Boiler_0_8_2	0
y_Boiler_0_8_3	0
y_Boiler_0_8_4	0
y_Boiler_0_8_5	0
y_HP_0_9_0	0
y_HP_0_9_1	0
y_HP_0_9_2	0
y_HP_0_9_3	0
y_HP_0_9_4	0
y_HP_0_9_5	0
y_CHP_0_9_0	0
y_CHP_0_9_1	0
y_CHP_0_9_2	0
y_CHP_0_9_3	0
y_CHP_0_9_4	0
y_Boiler_0_9_0	1
y_Boiler_0_9_1	0
y_Boiler_0_9_2	0
y_Boiler_0_9_3	0
y_Boiler_0_9_4	0
y_Boiler_0_9_5	0
y_HP_0_10_0	0
y_HP_0_10_1	0
y_HP_0_10_2	0
y_HP_0_10_3	0
y_HP_0_10_4	0
y_HP_0_10_5	0
y_CHP_0_10_0	0
y_CHP_0_10_1	0
y_CHP_0_10_2	0
y_CHP_0_10_3	0
y_CHP_0_10_4	0
y_Boiler_0_10_0	0
y_Boiler_0_10_1	0
y_Boiler_0_10_2	0
y_Boiler_0_10_3	0
y_Boiler_0_10_4	0
y_Boiler_0_10_5	0
y_HP_0_11_0	0
y_HP_0_11_1	0
y_HP_0_11_2	0
y_HP_0_11_3	0
y_HP_0_11_4	0
y_HP_0_11_5	0
y_CHP_0_11_0	0
y_CHP_0_11_1	0
y_CHP_0_11_2	0
y_CHP_0_11_3	0
y_CHP_0_11_4	0
y_Boiler_0_11_0	1
y_Boiler_0_11_1	0
y_Boiler_0_11_2	0
y_Boiler_0_11_3	0
y_Boiler_0_11_4	0
y_Boiler_0_11_5	0
y_HP_0_12_0	0
y_HP_0_12_1	0
y_HP_0_12_2	0
y_HP_0_12_3	0
y_HP_0_12_4	0
y_HP_0_12_5	0
y_CHP_0_12_0	0
y_CHP_0_12_1	0
y_CHP_0_12_2	0
y_CHP_0_12_3	0
y_CHP_0_12_4	0
y_Boiler_0_12_0	0
y_Boiler_0_12_1	0
y_Boiler_0_12_2	0
y_Boiler_0_12_3	0
y_Boiler_0_12_4	0
y_Boiler_0_12_5	0
y_HP_0_13_0	0
y_HP_0_13_1	0
y_HP_0_13_2	0
y_HP_0_13_3	0
y_HP_0_13_4	0
y_HP_0_13_5	0
y_CHP_0_13_0	0
y_CHP_0_13_1	0
y_CHP_0_13_2	0
y_CHP_0_13_3	0
y_CHP_0_13_4	0
y_Boiler_0_13_0	1
y_Boiler_0_13_1	0
y_Boiler_0_13_2	0
y_Boiler_0_13_3	0
y_Boiler_0_13_4	0
y_Boiler_0_13_5	0
y_HP_0_14_0	0
y_HP_0_14_1	0
y_HP_0_14_2	0
y_HP_0_14_3	0
y_HP_0_14_4	0
y_HP_0_14_5	0
y_CHP_0_14_0	0
y_CHP_0_14_1	0
y_CHP_0_14_2	0
y_CHP_0_14_3	0
y_CHP_0_14_4	0
y_Boiler_0_14_0	0
y_Boiler_0_14_1	0
y_Boiler_0_14_2	0
y_Boiler_0_14_3	0
y_Boiler_0_14_4	0
y_Boiler_0_14_5	0
y_HP_0_15_0	0
y_HP_0_15_1	0
y_HP_0_15_2	0
y_HP_0_15_3	0
y_HP_0_15_4	0
y_HP_0_15_5	0
y_CHP_0_15_0	0
y_CHP_0_15_1	0
y_CHP_0_15_2	0
y_CHP_0_15_3	0
y_CHP_0_15_4	0
y_Boiler_0_15_0	1
y_Boiler_0_15_1	0
y_Boiler_0_15_2	0
y_Boiler_0_15_3	0
y_Boiler_0_15_4	0
y_Boiler_0_15_5	0
y_HP_0_16_0	0
y_HP_0_16_1	0
y_HP_0_16_2	0
y_HP_0_16_3	0
y_HP_0_16_4	0
y_HP_0_16_5	0
y_CHP_0_16_0	0
y_CHP_0_16_1	0
y_CHP_0_16_2	0
y_CHP_0_16_3	0
y_CHP_0_16_4	0
y_Boiler_0_16_0	0
y_Boiler_0_16_1	0
y_Boiler_0_16_2	0
y_Boiler_0_16_3	0
y_Boiler_0_16_4	0
y_Boiler_0_16_5	0
y_HP_0_17_0	0
y_HP_0_17_1	0
y_HP_0_17_2	0
y_HP_0_17_3	0
y_HP_0_17_4	0
y_HP_0_17_5	0
y_CHP_0_17_0	0
y_CHP_0_17_1	0
y_CHP_0_17_2	0
y_CHP_0_17_3	0
y_CHP_0_17_4	0
y_Boiler_0_17_0	1
y_Boiler_0_17_1	0
y_Boiler_0_17_2	0
y_Boiler_0_17_3	0
y_Boiler_0_17_4	0
y_Boiler_0_17_5	0
y_HP_0_18_0	0
y_HP_0_18_1	0
y_HP_0_18_2	0
y_HP_0_18_3	0
y_HP_0_18_4	0
y_HP_0_18_5	0
y_CHP_0_18_0	0
y_CHP_0_18_1	0
y_CHP_0_18_2	0
y_CHP_0_18_3	0
y_CHP_0_18_4	0
y_Boiler_0_18_0	0
y_Boiler_0_18_1	0
y_Boiler_0_18_2	0
y_Boiler_0_18_3	0
y_Boiler_0_18_4	0
y_Boiler_0_18_5	0
y_HP_0_19_0	0
y_HP_0_19_1	0
y_HP_0_19_2	0
y_HP_0_19_3	0
y_HP_0_19_4	0
y_HP_0_19_5	0
y_CHP_0_19_0	0
y_CHP_0_19_1	0
y_CHP_0_19_2	0
y_CHP_0_19_3	0
y_CHP_0_19_4	0
y_Boiler_0_19_0	1
y_Boiler_0_19_1	0
y_Boiler_0_19_2	0
y_Boiler_0_19_3	0
y_Boiler_0_19_4	0
y_Boiler_0_19_5	0
y_HP_0_20_0	0
y_HP_0_20_1	0
y_HP_0_20_2	0
y_HP_0_20_3	0
y_HP_0_20_4	0
y_HP_0_20_5	0
y_CHP_0_20_0	0
y_CHP_0_20_1	0
y_CHP_0_20_2	0
y_CHP_0_20_3	0
y_CHP_0_20_4	0
y_Boiler_0_20_0	1
y_Boiler_0_20_1	0
y_Boiler_0_20_2	0
y_Boiler_0_20_3	0
y_Boiler_0_20_4	0
y_Boiler_0_20_5	0
y_HP_0_21_0	0
y_HP_0_21_1	0
y_HP_0_21_2	0
y_HP_0_21_3	0
y_HP_0_21_4	0
y_HP_0_21_5	0
y_CHP_0_21_0	0
y_CHP_0_21_1	0
y_CHP_0_21_2	0
y_CHP_0_21_3	0
y_CHP_0_21_4	0
y_Boiler_0_21_0	0
y_Boiler_0_21_1	0
y_Boiler_0_21_2	0
y_Boiler_0_21_3	0
y_Boiler_0_21_4	0
y_Boiler_0_21_5	0
y_HP_0_22_0	0
y_HP_0_22_1	0
y_HP_0_22_2	0
y_HP_0_22_3	0
y_HP_0_22_4	0
y_HP_0_22_5	0
y_CHP_0_22_0	0
y_CHP_0_22_1	0
y_CHP_0_22_2	0
y_CHP_0_22_3	0
y_CHP_0_22_4	0
y_Boiler_0_22_0	1
y_Boiler_0_22_1	0
y_Boiler_0_22_2	0
y_Boiler_0_22_3	0
y_Boiler_0_22_4	0
y_Boiler_0_22_5	0
y_HP_0_23_0	0
y_HP_0_23_1	0
y_HP_0_23_2	0
y_HP_0_23_3	0
y_HP_0_23_4	0
y_HP_0_23_5	0
y_CHP_0_23_0	0
y_CHP_0_23_1	0
y_CHP_0_23_2	0
y_CHP_0_23_3	0
y_CHP_0_23_4	0
y_Boiler_0_23_0	1
y_Boiler_0_23_1	0
y_Boiler_0_23_2	0
y_Boiler_0_23_3	0
y_Boiler_0_23_4	0
y_Boiler_0_23_5	0
y_HP_1_0_0	0
y_HP_1_0_1	0
y_HP_1_0_2	0
y_HP_1_0_3	0
y_HP_1_0_4	0
y_HP_1_0_5	0
y_CHP_1_0_0	0
y_CHP_1_0_1	0
y_CHP_1_0_2	0
y_CHP_1_0_3	0
y_CHP_1_0_4	0
y_Boiler_1_0_0	1
y_Boiler_1_0_1	0
y_Boiler_1_0_2	0
y_Boiler_1_0_3	0
y_Boiler_1_0_4	0
y_Boiler_1_0_5	0
y_HP_1_1_0	0
y_HP_1_1_1	0
y_HP_1_1_2	0
y_HP_1_1_3	0
y_HP_1_1_4	0
y_HP_1_1_5	0
y_CHP_1_1_0	0
y_CHP_1_1_1	0
y_CHP_1_1_2	0
y_CHP_1_1_3	0
y_CHP_1_1_4	0
y_Boiler_1_1_0	0
y_Boiler_1_1_1	0
y_Boiler_1_1_2	0
y_Boiler_1_1_3	0
y_Boiler_1_1_4	0
y_Boiler_1_1_5	0
y_HP_1_2_0	0
y_HP_1_2_1	0
y_HP_1_2_2	0
y_HP_1_2_3	0
y_HP_1_2_4	0
y_HP_1_2_5	0
y_CHP_1_2_0	0
y_CHP_1_2_1	0
y_CHP_1_2_2	0
y_CHP_1_2_3	0
y_CHP_1_2_4	0
y_Boiler_1_2_0	0
y_Boiler_1_2_1	0
y_Boiler_1_2_2	0
y_Boiler_1_2_3	0
y_Boiler_1_2_4	0
y_Boiler_1_2_5	0
y_HP_1_3_0	0
y_HP_1_3_1	0
y_HP_1_3_2	0
y_HP_1_3_3	0
y_HP_1_3_4	0
y_HP_1_3_5	0
y_CHP_1_3_0	0
y_CHP_1_3_1	0
y_CHP_1_3_2	0
y_CHP_1_3_3	0
y_CHP_1_3_4	0
y_Boiler_1_3_0	1
y_Boiler_1_3_1	0
y_Boiler_1_3_2	0
y_Boiler_1_3_3	0
y_Boiler_1_3_4	0
y_Boiler_1_3_5	0
y_HP_1_4_0	0
y_HP_1_4_1	0
y_HP_1_4_2	0
y_HP_1_4_3	0
y_HP_1_4_4	0
y_HP_1_4_5	0
y_CHP_1_4_0	0
y_CHP_1_4_1	0
y_CHP_1_4_2	0
y_CHP_1_4_3	0
y_CHP_1_4_4	0
y_Boiler_1_4_0	0
y_Boiler_1_4_1	0
y_Boiler_1_4_2	0
y_Boiler_1_4_3	0
y_Boiler_1_4_4	0
y_Boiler_1_4_5	0
y_HP_1_5_0	0
y_HP_1_5_1	0
y_HP_1_5_2	0
y_HP_1_5_3	0
y_HP_1_5_4	0
y_HP_1_5_5	0
y_CHP_1_5_0	0
y_CHP_1_5_1	0
y_CHP_1_5_2	0
y_CHP_1_5_3	0
y_CHP_1_5_4	0
y_Boiler_1_5_0	1
y_Boiler_1_5_1	0
y_Boiler_1_5_2	0
y_Boiler_1_5_3	0
y_Boiler_1_5_4	0
y_Boiler_1_5_5	0
y_HP_1_6_0	0
y_HP_1_6_1	0
y_HP_1_6_2	0
y_HP_1_6_3	0
y_HP_1_6_4	0
y_HP_1_6_5	0
y_CHP_1_6_0	0
y_CHP_1_6_1	0
y_CHP_1_6_2	0
y_CHP_1_6_3	0
y_CHP_1_6_4	0
y_Boiler_1_6_0	0
y_Boiler_1_6_1	0
y_Boiler_1_6_2	0
y_Boiler_1_6_3	0
y_Boiler_1_6_4	0
y_Boiler_1_6_5	0
y_HP_1_7_0	0
y_HP_1_7_1	0
y_HP_1_7_2	0
y_HP_1_7_3	0
y_HP_1_7_4	0
y_HP_1_7_5	0
y_CHP_1_7_0	0
y_CHP_1_7_1	0
y_CHP_1_7_2	0
y_CHP_1_7_3	0
y_CHP_1_7_4	0
y_Boiler_1_7_0	1
y_Boiler_1_7_1	0
y_Boiler_1_7_2	0
y_Boiler_1_7_3	0
y_Boiler_1_7_4	0
y_Boiler_1_7_5	0
y_HP_1_8_0	0
y_HP_1_8_1	0
y_HP_1_8_2	0
y_HP_1_8_3	0
y_HP_1_8_4	0
y_HP_1_8_5	0
y_CHP_1_8_0	0
y_CHP_1_8_1	0
y_CHP_1_8_2	0
y_CHP_1_8_3	0
y_CHP_1_8_4	0
y_Boiler_1_8_0	1
y_Boiler_1_8_1	0
y_Boiler_1_8_2	0
y_Boiler_1_8_3	0
y_Boiler_1_8_4	0
y_Boiler_1_8_5	0
y_HP_1_9_0	0
y_HP_1_9_1	0
y_HP_1_9_2	0
y_HP_1_9_3	0
y_HP_1_9_4	0
y_HP_1_9_5	0
y_CHP_1_9_0	0
y_CHP_1_9_1	0
y_CHP_1_9_2	0
y_CHP_1_9_3	0
y_CHP_1_9_4	0
y_Boiler_1_9_0	0
y_Boiler_1_9_1	0
y_Boiler_1_9_2	0
y_Boiler_1_9_3	0
y_Boiler_1_9_4	0
y_Boiler_1_9_5	0
y_HP_1_10_0	0
y_HP_1_10_1	0
y_HP_1_10_2	0
y_HP_1_10_3	0
y_HP_1_10_4	0
y_HP_1_10_5	0
y_CHP_1_10_0	0
y_CHP_1_10_1	0
y_CHP_1_10_2	0
y_CHP_1_10_3	0
y_CHP_1_10_4	0
y_Boiler_1_10_0	1
y_Boiler_1_10_1	0
y_Boiler_1_10_2	0
y_Boiler_1_10_3	0
y_Boiler_1_10_4	0
y_Boiler_1_10_5	0
y_HP_1_11_0	0
y_HP_1_11_1	0
y_HP_1_11_2	0
y_HP_1_11_3	0
y_HP_1_11_4	0
y_HP_1_11_5	0
y_CHP_1_11_0	0
y_CHP_1_11_1	0
y_CHP_1_11_2	0
y_CHP_1_11_3	0
y_CHP_1_11_4	0
y_Boiler_1_11_0	0
y_Boiler_1_11_1	0
y_Boiler_1_11_2	0
y_Boiler_1_11_3	0
y_Boiler_1_11_4	0
y_Boiler_1_11_5	0
y_HP_1_12_0	0
y_HP_1_12_1	0
y_HP_1_12_2	0
y_HP_1_12_3	0
y_HP_1_12_4	0
y_HP_1_12_5	0
y_CHP_1_12_0	0
y_CHP_1_12_1	0
y_CHP_1_12_2	0
y_CHP_1_12_3	0
y_CHP_1_12_4	0
y_Boiler_1_12_0	1
y_Boiler_1_12_1	0
y_Boiler_1_12_2	0
y_Boiler_1_12_3	0
y_Boiler_1_12_4	0
y_Boiler_1_12_5	0
y_HP_1_13_0	0
y_HP_1_13_1	0
y_HP_1_13_2	0
y_HP_1_13_3	0
y_HP_1_13_4	0
y_HP_1_13_5	0
y_CHP_1_13_0	0
y_CHP_1_13_1	0
y_CHP_1_13_2	0
y_CHP_1_13_3	0
y_CHP_1_13_4	0
y_Boiler_1_13_0	0
y_Boiler_1_13_1	0
y_Boiler_1_13_2	0
y_Boiler_1_13_3	0
y_Boiler_1_13_4	0
y_Boiler_1_13_5	0
y_HP_1_14_0	0
y_HP_1_14_1	0
y_HP_1_14_2	0
y_HP_1_14_3	0
y_HP_1_14_4	0
y_HP_1_14_5	0
y_CHP_1_14_0	0
y_CHP_1_14_1	0
y_CHP_1_14_2	0
y_CHP_1_14_3	0
y_CHP_1_14_4	0
y_Boiler_1_14_0	1
y_Boiler_1_14_1	0
y_Boiler_1_14_2	0
y_Boiler_1_14_3	0
y_Boiler_1_14_4	0
y_Boiler_1_14_5	0
y_HP_1_15_0	0
y_HP_1_15_1	0
y_HP_1_15_2	0
y_HP_1_15_3	0
y_HP_1_15_4	0
y_HP_1_15_5	0
y_CHP_1_15_0	0
y_CHP_1_15_1	0
y_CHP_1_15_2	0
y_CHP_1_15_3	0
y_CHP_1_15_4	0
y_Boiler_1_15_0	0
y_Boiler_1_15_1	0
y_Boiler_1_15_2	0
y_Boiler_1_15_3	0
y_Boiler_1_15_4	0
y_Boiler_1_15_5	0
y_HP_1_16_0	0
y_HP_1_16_1	0
y_HP_1_16_2	0
y_HP_1_16_3	0
y_HP_1_16_4	0
y_HP_1_16_5	0
y_CHP_1_16_0	0
y_CHP_1_16_1	0
y_CHP_1_16_2	0
y_CHP_1_16_3	0
y_CHP_1_16_4	0
y_Boiler_1_16_0	1
y_Boiler_1_16_1	0
y_Boiler_1_16_2	0
y_Boiler_1_16_3	0
y_Boiler_1_16_4	0
y_Boiler_1_16_5	0
y_HP_1_17_0	0
y_HP_1_17_1	0
y_HP_1_17_2	0
y_HP_1_17_3	0
y_HP_1_17_4	0
y_HP_1_17_5	0
y_CHP_1_17_0	0
y_CHP_1_17_1	0
y_CHP_1_17_2	0
y_CHP_1_17_3	0
y_CHP_1_17_4	0
y_Boiler_1_17_0	0
y_Boiler_1_17_1	0
y_Boiler_1_17_2	0
y_Boiler_1_17_3	0
y_Boiler_1_17_4	0
y_Boiler_1_17_5	0
y_HP_1_18_0	0
y_HP_1_18_1	0
y_HP_1_18_2	0
y_HP_1_18_3	0
y_HP_1_18_4	0
y_HP_1_18_5	0
y_CHP_1_18_0	0
y_CHP_1_18_1	0
y_CHP_1_18_2	0
y_CHP_1_18_3	0
y_CHP_1_18_4	0
y_Boiler_1_18_0	1
y_Boiler_1_18_1	0
y_Boiler_1_18_2	0
y_Boiler_1_18_3	0
y_Boiler_1_18_4	0
y_Boiler_1_18_5	0
y_HP_1_19_0	0
y_HP_1_19_1	0
y_HP_1_19_2	0
y_HP_1_19_3	0
y_HP_1_19_4	0
y_HP_1_19_5	0
y_CHP_1_19_0	0
y_CHP_1_19_1	0
y_CHP_1_19_2	0
y_CHP_1_19_3	0
y_CHP_1_19_4	0
y_Boiler_1_19_0	0
y_Boiler_1_19_1	0
y_Boiler_1_19_2	0
y_Boiler_1_19_3	0
y_Boiler_1_19_4	0
y_Boiler_1_19_5	0
y_HP_1_20_0	0
y_HP_1_20_1	0
y_HP_1_20_2	0
y_HP_1_20_3	0
y_HP_1_20_4	0
y_HP_1_20_5	0
y_CHP_1_20_0	0
y_CHP_1_20_1	0
y_CHP_1_20_2	0
y_CHP_1_20_3	0
y_CHP_1_20_4	0
y_Boiler_1_20_0	1
y_Boiler_1_20_1	0
y_Boiler_1_20_2	0
y_Boiler_1_20_3	0
y_Boiler_1_20_4	0
y_Boiler_1_20_5	0
y_HP_1_21_0	0
y_HP_1_21_1	0
y_HP_1_21_2	0
y_HP_1_21_3	0
y_HP_1_21_4	0
y_HP_1_21_5	0
y_CHP_1_21_0	0
y_CHP_1_21_1	0
y_CHP_1_21_2	0
y_CHP_1_21_3	0
y_CHP_1_21_4	0
y_Boiler_1_21_0	0
y_Boiler_1_21_1	0
y_Boiler_1_21_2	0
y_Boiler_1_21_3	0
y_Boiler_1_21_4	0
y_Boiler_1_21_5	0
y_HP_1_22_0	0
y_HP_1_22_1	0
y_HP_1_22_2	0
y_HP_1_22_3	0
y_HP_1_22_4	0
y_HP_1_22_5	0
y_CHP_1_22_0	0
y_CHP_1_22_1	0
y_CHP_1_22_2	0
y_CHP_1_22_3	0
y_CHP_1_22_4	0
y_Boiler_1_22_0	1
y_Boiler_1_22_1	0
y_Boiler_1_22_2	0
y_Boiler_1_22_3	0
y_Boiler_1_22_4	0
y_Boiler_1_22_5	0
y_HP_1_23_0	0
y_HP_1_23_1	0
y_HP_1_23_2	0
y_HP_1_23_3	0
y_HP_1_23_4	0
y_HP_1_23_5	0
y_CHP_1_23_0	0
y_CHP_1_23_1	0
y_CHP_1_23_2	0
y_CHP_1_23_3	0
y_CHP_1_23_4	0
y_Boiler_1_23_0	0
y_Boiler_1_23_1	0
y_Boiler_1_23_2	0
y_Boiler_1_23_3	0
y_Boiler_1_23_4	0
y_Boiler_1_23_5	0
y_HP_2_0_0	0
y_HP_2_0_1	0
y_HP_2_0_2	0
y_HP_2_0_3	0
y_HP_2_0_4	0
y_HP_2_0_5	0
y_CHP_2_0_0	0
y_CHP_2_0_1	0
y_CHP_2_0_2	0
y_CHP_2_0_3	0
y_CHP_2_0_4	0
y_Boiler_2_0_0	1
y_Boiler_2_0_1	0
y_Boiler_2_0_2	0
y_Boiler_2_0_3	0
y_Boiler_2_0_4	0
y_Boiler_2_0_5	0
y_HP_2_1_0	0
y_HP_2_1_1	0
y_HP_2_1_2	0
y_HP_2_1_3	0
y_HP_2_1_4	0
y_HP_2_1_5	0
y_CHP_2_1_0	0
y_CHP_2_1_1	0
y_CHP_2_1_2	0
y_CHP_2_1_3	0
y_CHP_2_1_4	0
y_Boiler_2_1_0	0
y_Boiler_2_1_1	0
y_Boiler_2_1_2	0
y_Boiler_2_1_3	0
y_Boiler_2_1_4	0
y_Boiler_2_1_5	0
y_HP_2_2_0	0
y_HP_2_2_1	0
y_HP_2_2_2	0
y_HP_2_2_3	0
y_HP_2_2_4	0
y_HP_2_2_5	0
y_CHP_2_2_0	0
y_CHP_2_2_1	0
y_CHP_2_2_2	0
y_CHP_2_2_3	0
y_CHP_2_2_4	0
y_Boiler_2_2_0	0
y_Boiler_2_2_1	0
y_Boiler_2_2_2	0
y_Boiler_2_2_3	0
y_Boiler_2_2_4	0
y_Boiler_2_2_5	0
y_HP_2_3_0	0
y_HP_2_3_1	0
y_HP_2_3_2	0
y_HP_2_3_3	0
y_HP_2_3_4	0
y_HP_2_3_5	0
y_CHP_2_3_0	0
y_CHP_2_3_1	0
y_CHP_2_3_2	0
y_CHP_2_3_3	0
y_CHP_2_3_4	0
y_Boiler_2_3_0	1
y_Boiler_2_3_1	0
y_Boiler_2_3_2	0
y_Boiler_2_3_3	0
y_Boiler_2_3_4	0
y_Boiler_2_3_5	0
y_HP_2_4_0	0
y_HP_2_4_1	0
y_HP_2_4_2	0
y_HP_2_4_3	0
y_HP_2_4_4	0
y_HP_2_4_5	0
y_CHP_2_4_0	0
y_CHP_2_4_1	0
y_CHP_2_4_2	0
y_CHP_2_4_3	0
y_CHP_2_4_4	0
y_Boiler_2_4_0	0
y_Boiler_2_4_1	0
y_Boiler_2_4_2	0
y_Boiler_2_4_3	0
y_Boiler_2_4_4	0
y_Boiler_2_4_5	0
y_HP_2_5_0	0
y_HP_2_5_1	0
y_HP_2_5_2	0
y_HP_2_5_3	0
y_HP_2_5_4	0
y_HP_2_5_5	0
y_CHP_2_5_0	0
y_CHP_2_5_1	0
y_CHP_2_5_2	0
y_CHP_2_5_3	0
y_CHP_2_5_4	0
y_Boiler_2_5_0	1
y_Boiler_2_5_1	0
y_Boiler_2_5_2	0
y_Boiler_2_5_3	0
y_Boiler_2_5_4	0
y_Boiler_2_5_5	0
y_HP_2_6_0	0
y_HP_2_6_1	0
y_HP_2_6_2	0
y_HP_2_6_3	0
y_HP_2_6_4	0
y_HP_2_6_5	0
y_CHP_2_6_0	0
y_CHP_2_6_1	0
y_CHP_2_6_2	0
y_CHP_2_6_3	0
y_CHP_2_6_4	0
y_Boiler_2_6_0	0
y_Boiler_2_6_1	0
y_Boiler_2_6_2	0
y_Boiler_2_6_3	0
y_Boiler_2_6_4	0
y_Boiler_2_6_5	0
y_HP_2_7_0	0
y_HP_2_7_1	0
y_HP_2_7_2	0
y_HP_2_7_3	0
y_HP_2_7_4	0
y_HP_2_7_5	0
y_CHP_2_7_0	0
y_CHP_2_7_1	0
y_CHP_2_7_2	0
y_CHP_2_7_3	0
y_CHP_2_7_4	0
y_Boiler_2_7_0	1
y_Boiler_2_7_1	0
y_Boiler_2_7_2	0
y_Boiler_2_7_3	0
y_Boiler_2_7_4	0
y_Boiler_2_7_5	0
y_HP_2_8_0	0
y_HP_2_8_1	0
y_HP_2_8_2	0
y_HP_2_8_3	0
y_HP_2_8_4	0
y_HP_2_8_5	0
y_CHP_2_8_0	0
y_CHP_2_8_1	0
y_CHP_2_8_2	0
y_CHP_2_8_3	0
y_CHP_2_8_4	0
y_Boiler_2_8_0	1
y_Boiler_2_8_1	0
y_Boiler_2_8_2	0
y_Boiler_2_8_3	0
y_Boiler_2_8_4	0
y_Boiler_2_8_5	0
y_HP_2_9_0	0
y_HP_2_9_1	0
y_HP_2_9_2	0
y_HP_2_9_3	0
y_HP_2_9_4	0
y_HP_2_9_5	0
y_CHP_2_9_0	0
y_CHP_2_9_1	0
y_CHP_2_9_2	0
y_CHP_2_9_3	0
y_CHP_2_9_4	0
y_Boiler_2_9_0	0
y_Boiler_2_9_1	0
y_Boiler_2_9_2	0
y_Boiler_2_9_3	0
y_Boiler_2_9_4	0
y_Boiler_2_9_5	0
y_HP_2_10_0	0
y_HP_2_10_1	0
y_HP_2_10_2	0
y_HP_2_10_3	0
y_HP_2_10_4	0
y_HP_2_10_5	0
y_CHP_2_10_0	0
y_CHP_2_10_1	0
y_CHP_2_10_2	0
y_CHP_2_10_3	0
y_CHP_2_10_4	0
y_Boiler_2_10_0	0
y_Boiler_2_10_1	0
y_Boiler_2_10_2	0
y_Boiler_2_10_3	0
y_Boiler_2_10_4	0
y_Boiler_2_10_5	0
y_HP_2_11_0	0
y_HP_2_11_1	0
y_HP_2_11_2	0
y_HP_2_11_3	0
y_HP_2_11_4	0
y_HP_2_11_5	0
y_CHP_2_11_0	0
y_CHP_2_11_1	0
y_CHP_2_11_2	0
y_CHP_2_11_3	0
y_CHP_2_11_4	0
y_Boiler_2_11_0	1
y_Boiler_2_11_1	0
y_Boiler_2_11_2	0
y_Boiler_2_11_3	0
y_Boiler_2_11_4	0
y_Boiler_2_11_5	0
y_HP_2_12_0	0
y_HP_2_12_1	0
y_HP_2_12_2	0
y_HP_2_12_3	0
y_HP_2_12_4	0
y_HP_2_12_5	0
y_CHP_2_12_0	0
y_CHP_2_12_1	0
y_CHP_2_12_2	0
y_CHP_2_12_3	0
y_CHP_2_12_4	0
y_Boiler_2_12_0	0
y_Boiler_2_12_1	0
y_Boiler_2_12_2	0
y_Boiler_2_12_3	0
y_Boiler_2_12_4	0
y_Boiler_2_12_5	0
y_HP_2_13_0	0
y_HP_2_13_1	0
y_HP_2_13_2	0
y_HP_2_13_3	0
y_HP_2_13_4	0
y_HP_2_13_5	0
y_CHP_2_13_0	0
y_CHP_2_13_1	0
y_CHP_2_13_2	0
y_CHP_2_13_3	0
y_CHP_2_13_4	0
y_Boiler_2_13_0	0
y_Boiler_2_13_1	0
y_Boiler_2_13_2	0
y_Boiler_2_13_3	0
y_Boiler_2_13_4	0
y_Boiler_2_13_5	0
y_HP_2_14_0	0
y_HP_2_14_1	0
y_HP_2_14_2	0
y_HP_2_14_3	0
y_HP_2_14_4	0
y_HP_2_14_5	0
y_CHP_2_14_0	0
y_CHP_2_14_1	0
y_CHP_2_14_2	0
y_CHP_2_14_3	0
y_CHP_2_14_4	0
y_Boiler_2_14_0	0
y_Boiler_2_14_1	0
y_Boiler_2_14_2	0
y_Boiler_2_14_3	0
y_Boiler_2_14_4	0
y_Boiler_2_14_5	0
y_HP_2_15_0	0
y_HP_2_15_1	0
y_HP_2_15_2	0
y_HP_2_15_3	0
y_HP_2_15_4	0
y_HP_2_15_5	0
y_CHP_2_15_0	0
y_CHP_2_15_1	0
y_CHP_2_15_2	0
y_CHP_2_15_3	0
y_CHP_2_15_4	0
y_Boiler_2_15_0	0
y_Boiler_2_15_1	0
y_Boiler_2_15_2	0
y_Boiler_2_15_3	0
y_Boiler_2_15_4	0
y_Boiler_2_15_5	0
y_HP_2_16_0	0
y_HP_2_16_1	0
y_HP_2_16_2	0
y_HP_2_16_3	0
y_HP_2_16_4	0
y_HP_2_16_5	0
y_CHP_2_16_0	0
y_CHP_2_16_1	0
y_CHP_2_16_2	0
y_CHP_2_16_3	0
y_CHP_2_16_4	0
y_Boiler_2_16_0	1
y_Boiler_2_16_1	0
y_Boiler_2_16_2	0
y_Boiler_2_16_3	0
y_Boiler_2_16_4	0
y_Boiler_2_16_5	0
y_HP_2_17_0	0
y_HP_2_17_1	0
y_HP_2_17_2	0
y_HP_2_17_3	0
y_HP_2_17_4	0
y_HP_2_17_5	0
y_CHP_2_17_0	0
y_CHP_2_17_1	0
y_CHP_2_17_2	0
y_CHP_2_17_3	0
y_CHP_2_17_4	0
y_Boiler_2_17_0	0
y_Boiler_2_17_1	0
y_Boiler_2_17_2	0
y_Boiler_2_17_3	0
y_Boiler_2_17_4	0
y_Boiler_2_17_5	0
y_HP_2_18_0	0
y_HP_2_18_1	0
y_HP_2_18_2	0
y_HP_2_18_3	0
y_HP_2_18_4	0
y_HP_2_18_5	0
y_CHP_2_18_0	0
y_CHP_2_18_1	0
y_CHP_2_18_2	0
y_CHP_2_18_3	0
y_CHP_2_18_4	0
y_Boiler_2_18_0	0
y_Boiler_2_18_1	0
y_Boiler_2_18_2	0
y_Boiler_2_18_3	0
y_Boiler_2_18_4	0
y_Boiler_2_18_5	0
y_HP_2_19_0	0
y_HP_2_19_1	0
y_HP_2_19_2	0
y_HP_2_19_3	0
y_HP_2_19_4	0
y_HP_2_19_5	0
y_CHP_2_19_0	0
y_CHP_2_19_1	0
y_CHP_2_19_2	0
y_CHP_2_19_3	0
y_CHP_2_19_4	0
y_Boiler_2_19_0	0
y_Boiler_2_19_1	0
y_Boiler_2_19_2	0
y_Boiler_2_19_3	0
y_Boiler_2_19_4	0
y_Boiler_2_19_5	0
y_HP_2_20_0	0
y_HP_2_20_1	0
y_HP_2_20_2	0
y_HP_2_20_3	0
y_HP_2_20_4	0
y_HP_2_20_5	0
y_CHP_2_20_0	0
y_CHP_2_20_1	0
y_CHP_2_20_2	0
y_CHP_2_20_3	0
y_CHP_2_20_4	0
y_Boiler_2_20_0	0
y_Boiler_2_20_1	0
y_Boiler_2_20_2	0
y_Boiler_2_20_3	0
y_Boiler_2_20_4	0
y_Boiler_2_20_5	0
y_HP_2_21_0	0
y_HP_2_21_1	0
y_HP_2_21_2	0
y_HP_2_21_3	0
y_HP_2_21_4	0
y_HP_2_21_5	0
y_CHP_2_21_0	0
y_CHP_2_21_1	0
y_CHP_2_21_2	0
y_CHP_2_21_3	0
y_CHP_2_21_4	0
y_Boiler_2_21_0	1
y_Boiler_2_21_1	0
y_Boiler_2_21_2	0
y_Boiler_2_21_3	0
y_Boiler_2_21_4	0
y_Boiler_2_21_5	0
y_HP_2_22_0	0
y_HP_2_22_1	0
y_HP_2_22_2	0
y_HP_2_22_3	0
y_HP_2_22_4	0
y_HP_2_22_5	0
y_CHP_2_22_0	0
y_CHP_2_22_1	0
y_CHP_2_22_2	0
y_CHP_2_22_3	0
y_CHP_2_22_4	0
y_Boiler_2_22_0	0
y_Boiler_2_22_1	0
y_Boiler_2_22_2	0
y_Boiler_2_22_3	0
y_Boiler_2_22_4	0
y_Boiler_2_22_5	0
y_HP_2_23_0	0
y_HP_2_23_1	0
y_HP_2_23_2	0
y_HP_2_23_3	0
y_HP_2_23_4	0
y_HP_2_23_5	0
y_CHP_2_23_0	0
y_CHP_2_23_1	0
y_CHP_2_23_2	0
y_CHP_2_23_3	0
y_CHP_2_23_4	0
y_Boiler_2_23_0	0
y_Boiler_2_23_1	0
y_Boiler_2_23_2	0
y_Boiler_2_23_3	0
y_Boiler_2_23_4	0
y_Boiler_2_23_5	0
y_HP_3_0_0	0
y_HP_3_0_1	0
y_HP_3_0_2	0
y_HP_3_0_3	0
y_HP_3_0_4	0
y_HP_3_0_5	0
y_CHP_3_0_0	0
y_CHP_3_0_1	0
y_CHP_3_0_2	0
y_CHP_3_0_3	0
y_CHP_3_0_4	0
y_Boiler_3_0_0	1
y_Boiler_3_0_1	0
y_Boiler_3_0_2	0
y_Boiler_3_0_3	0
y_Boiler_3_0_4	0
y_Boiler_3_0_5	0
y_HP_3_1_0	0
y_HP_3_1_1	0
y_HP_3_1_2	0
y_HP_3_1_3	0
y_HP_3_1_4	0
y_HP_3_1_5	0
y_CHP_3_1_0	0
y_CHP_3_1_1	0
y_CHP_3_1_2	0
y_CHP_3_1_3	0
y_CHP_3_1_4	0
y_Boiler_3_1_0	0
y_Boiler_3_1_1	0
y_Boiler_3_1_2	0
y_Boiler_3_1_3	0
y_Boiler_3_1_4	0
y_Boiler_3_1_5	0
y_HP_3_2_0	0
y_HP_3_2_1	0
y_HP_3_2_2	0
y_HP_3_2_3	0
y_HP_3_2_4	0
y_HP_3_2_5	0
y_CHP_3_2_0	0
y_CHP_3_2_1	0
y_CHP_3_2_2	0
y_CHP_3_2_3	0
y_CHP_3_2_4	0
y_Boiler_3_2_0	0
y_Boiler_3_2_1	0
y_Boiler_3_2_2	0
y_Boiler_3_2_3	0
y_Boiler_3_2_4	0
y_Boiler_3_2_5	0
y_HP_3_3_0	0
y_HP_3_3_1	0
y_HP_3_3_2	0
y_HP_3_3_3	0
y_HP_3_3_4	0
y_HP_3_3_5	0
y_CHP_3_3_0	0
y_CHP_3_3_1	0
y_CHP_3_3_2	0
y_CHP_3_3_3	0
y_CHP_3_3_4	0
y_Boiler_3_3_0	1
y_Boiler_3_3_1	0
y_Boiler_3_3_2	0
y_Boiler_3_3_3	0
y_Boiler_3_3_4	0
y_Boiler_3_3_5	0
y_HP_3_4_0	0
y_HP_3_4_1	0
y_HP_3_4_2	0
y_HP_3_4_3	0
y_HP_3_4_4	0
y_HP_3_4_5	0
y_CHP_3_4_0	0
y_CHP_3_4_1	0
y_CHP_3_4_2	0
y_CHP_3_4_3	0
y_CHP_3_4_4	0
y_Boiler_3_4_0	0
y_Boiler_3_4_1	0
y_Boiler_3_4_2	0
y_Boiler_3_4_3	0
y_Boiler_3_4_4	0
y_Boiler_3_4_5	0
y_HP_3_5_0	0
y_HP_3_5_1	0
y_HP_3_5_2	0
y_HP_3_5_3	0
y_HP_3_5_4	0
y_HP_3_5_5	0
y_CHP_3_5_0	0
y_CHP_3_5_1	0
y_CHP_3_5_2	0
y_CHP_3_5_3	0
y_CHP_3_5_4	0
y_Boiler_3_5_0	1
y_Boiler_3_5_1	0
y_Boiler_3_5_2	0
y_Boiler_3_5_3	0
y_Boiler_3_5_4	0
y_Boiler_3_5_5	0
y_HP_3_6_0	0
y_HP_3_6_1	0
y_HP_3_6_2	0
y_HP_3_6_3	0
y_HP_3_6_4	0
y_HP_3_6_5	0
y_CHP_3_6_0	0
y_CHP_3_6_1	0
y_CHP_3_6_2	0
y_CHP_3_6_3	0
y_CHP_3_6_4	0
y_Boiler_3_6_0	0
y_Boiler_3_6_1	0
y_Boiler_3_6_2	0
y_Boiler_3_6_3	0
y_Boiler_3_6_4	0
y_Boiler_3_6_5	0
y_HP_3_7_0	0
y_HP_3_7_1	0
y_HP_3_7_2	0
y_HP_3_7_3	0
y_HP_3_7_4	0
y_HP_3_7_5	0
y_CHP_3_7_0	0
y_CHP_3_7_1	0
y_CHP_3_7_2	0
y_CHP_3_7_3	0
y_CHP_3_7_4	0
y_Boiler_3_7_0	1
y_Boiler_3_7_1	0
y_Boiler_3_7_2	0
y_Boiler_3_7_3	0
y_Boiler_3_7_4	0
y_Boiler_3_7_5	0
y_HP_3_8_0	0
y_HP_3_8_1	0
y_HP_3_8_2	0
y_HP_3_8_3	0
y_HP_3_8_4	0
y_HP_3_8_5	0
y_CHP_3_8_0	0
y_CHP_3_8_1	0
y_CHP_3_8_2	0
y_CHP_3_8_3	0
y_CHP_3_8_4	0
y_Boiler_3_8_0	0
y_Boiler_3_8_1	0
y_Boiler_3_8_2	0
y_Boiler_3_8_3	0
y_Boiler_3_8_4	0
y_Boiler_3_8_5	0
y_HP_3_9_0	0
y_HP_3_9_1	0
y_HP_3_9_2	0
y_HP_3_9_3	0
y_HP_3_9_4	0
y_HP_3_9_5	0
y_CHP_3_9_0	0
y_CHP_3_9_1	0
y_CHP_3_9_2	0
y_CHP_3_9_3	0
y_CHP_3_9_4	0
y_Boiler_3_9_0	0
y_Boiler_3_9_1	0
y_Boiler_3_9_2	0
y_Boiler_3_9_3	0
y_Boiler_3_9_4	0
y_Boiler_3_9_5	0
y_HP_3_10_0	0
y_HP_3_10_1	0
y_HP_3_10_2	0
y_HP_3_10_3	0
y_HP_3_10_4	0
y_HP_3_10_5	0
y_CHP_3_10_0	0
y_CHP_3_10_1	0
y_CHP_3_10_2	0
y_CHP_3_10_3	0
y_CHP_3_10_4	0
y_Boiler_3_10_0	1
y_Boiler_3_10_1	0
y_Boiler_3_10_2	0
y_Boiler_3_10_3	0
y_Boiler_3_10_4	0
y_Boiler_3_10_5	0
y_HP_3_11_0	0
y_HP_3_11_1	0
y_HP_3_11_2	0
y_HP_3_11_3	0
y_HP_3_11_4	0
y_HP_3_11_5	0
y_CHP_3_11_0	0
y_CHP_3_11_1	0
y_CHP_3_11_2	0
y_CHP_3_11_3	0
y_CHP_3_11_4	0
y_Boiler_3_11_0	0
y_Boiler_3_11_1	0
y_Boiler_3_11_2	0
y_Boiler_3_11_3	0
y_Boiler_3_11_4	0
y_Boiler_3_11_5	0
y_HP_3_12_0	0
y_HP_3_12_1	0
y_HP_3_12_2	0
y_HP_3_12_3	0
y_HP_3_12_4	0
y_HP_3_12_5	0
y_CHP_3_12_0	0
y_CHP_3_12_1	0
y_CHP_3_12_2	0
y_CHP_3_12_3	0
y_CHP_3_12_4	0
y_Boiler_3_12_0	0
y_Boiler_3_12_1	0
y_Boiler_3_12_2	0
y_Boiler_3_12_3	0
y_Boiler_3_12_4	0
y_Boiler_3_12_5	0
y_HP_3_13_0	0
y_HP_3_13_1	0
y_HP_3_13_2	0
y_HP_3_13_3	0
y_HP_3_13_4	0
y_HP_3_13_5	0
y_CHP_3_13_0	0
y_CHP_3_13_1	0
y_CHP_3_13_2	0
y_CHP_3_13_3	0
y_CHP_3_13_4	0
y_Boiler_3_13_0	0
y_Boiler_3_13_1	0
y_Boiler_3_13_2	0
y_Boiler_3_13_3	0
y_Boiler_3_13_4	0
y_Boiler_3_13_5	0
y_HP_3_14_0	0
y_HP_3_14_1	0
y_HP_3_14_2	0
y_HP_3_14_3	0
y_HP_3_14_4	0
y_HP_3_14_5	0
y_CHP_3_14_0	0
y_CHP_3_14_1	0
y_CHP_3_14_2	0
y_CHP_3_14_3	0
y_CHP_3_14_4	0
y_Boiler_3_14_0	0
y_Boiler_3_14_1	0
y_Boiler_3_14_2	0
y_Boiler_3_14_3	0
y_Boiler_3_14_4	0
y_Boiler_3_14_5	0
y_HP_3_15_0	0
y_HP_3_15_1	0
y_HP_3_15_2	0
y_HP_3_15_3	0
y_HP_3_15_4	0
y_HP_3_15_5	0
y_CHP_3_15_0	0
y_CHP_3_15_1	0
y_CHP_3_15_2	0
y_CHP_3_15_3	0
y_CHP_3_15_4	0
y_Boiler_3_15_0	0
y_Boiler_3_15_1	0
y_Boiler_3_15_2	0
y_Boiler_3_15_3	0
y_Boiler_3_15_4	0
y_Boiler_3_15_5	0
y_HP_3_16_0	0
y_HP_3_16_1	0
y_HP_3_16_2	0
y_HP_3_16_3	0
y_HP_3_16_4	0
y_HP_3_16_5	0
y_CHP_3_16_0	0
y_CHP_3_16_1	0
y_CHP_3_16_2	0
y_CHP_3_16_3	0
y_CHP_3_16_4	0
y_Boiler_3_16_0	0
y_Boiler_3_16_1	0
y_Boiler_3_16_2	0
y_Boiler_3_16_3	0
y_Boiler_3_16_4	0
y_Boiler_3_16_5	0
y_HP_3_17_0	0
y_HP_3_17_1	0
y_HP_3_17_2	0
y_HP_3_17_3	0
y_HP_3_17_4	0
y_HP_3_17_5	0
y_CHP_3_17_0	0
y_CHP_3_17_1	0
y_CHP_3_17_2	0
y_CHP_3_17_3	0
y_CHP_3_17_4	0
y_Boiler_3_17_0	0
y_Boiler_3_17_1	0
y_Boiler_3_17_2	0
y_Boiler_3_17_3	0
y_Boiler_3_17_4	0
y_Boiler_3_17_5	0
y_HP_3_18_0	0
y_HP_3_18_1	0
y_HP_3_18_2	0
y_HP_3_18_3	0
y_HP_3_18_4	0
y_HP_3_18_5	0
y_CHP_3_18_0	0
y_CHP_3_18_1	0
y_CHP_3_18_2	0
y_CHP_3_18_3	0
y_CHP_3_18_4	0
y_Boiler_3_18_0	0
y_Boiler_3_18_1	0
y_Boiler_3_18_2	0
y_Boiler_3_18_3	0
y_Boiler_3_18_4	0
y_Boiler_3_18_5	0
y_HP_3_19_0	0
y_HP_3_19_1	0
y_HP_3_19_2	0
y_HP_3_19_3	0
y_HP_3_19_4	0
y_HP_3_19_5	0
y_CHP_3_19_0	0
y_CHP_3_19_1	0
y_CHP_3_19_2	0
y_CHP_3_19_3	0
y_CHP_3_19_4	0
y_Boiler_3_19_0	1
y_Boiler_3_19_1	0
y_Boiler_3_19_2	0
y_Boiler_3_19_3	0
y_Boiler_3_19_4	0
y_Boiler_3_19_5	0
y_HP_3_20_0	0
y_HP_3_20_1	0
y_HP_3_20_2	0
y_HP_3_20_3	0
y_HP_3_20_4	0
y_HP_3_20_5	0
y_CHP_3_20_0	0
y_CHP_3_20_1	0
y_CHP_3_20_2	0
y_CHP_3_20_3	0
y_CHP_3_20_4	0
y_Boiler_3_20_0	0
y_Boiler_3_20_1	0
y_Boiler_3_20_2	0
y_Boiler_3_20_3	0
y_Boiler_3_20_4	0
y_Boiler_3_20_5	0
y_HP_3_21_0	0
y_HP_3_21_1	0
y_HP_3_21_2	0
y_HP_3_21_3	0
y_HP_3_21_4	0
y_HP_3_21_5	0
y_CHP_3_21_0	0
y_CHP_3_21_1	0
y_CHP_3_21_2	0
y_CHP_3_21_3	0
y_CHP_3_21_4	0
y_Boiler_3_21_0	0
y_Boiler_3_21_1	0
y_Boiler_3_21_2	0
y_Boiler_3_21_3	0
y_Boiler_3_21_4	0
y_Boiler_3_21_5	0
y_HP_3_22_0	0
y_HP_3_22_1	0
y_HP_3_22_2	0
y_HP_3_22_3	0
y_HP_3_22_4	0
y_HP_3_22_5	0
y_CHP_3_22_0	0
y_CHP_3_22_1	0
y_CHP_3_22_2	0
y_CHP_3_22_3	0
y_CHP_3_22_4	0
y_Boiler_3_22_0	0
y_Boiler_3_22_1	0
y_Boiler_3_22_2	0
y_Boiler_3_22_3	0
y_Boiler_3_22_4	0
y_Boiler_3_22_5	0
y_HP_3_23_0	0
y_HP_3_23_1	0
y_HP_3_23_2	0
y_HP_3_23_3	0
y_HP_3_23_4	0
y_HP_3_23_5	0
y_CHP_3_23_0	0
y_CHP_3_23_1	0
y_CHP_3_23_2	0
y_CHP_3_23_3	0
y_CHP_3_23_4	0
y_Boiler_3_23_0	0
y_Boiler_3_23_1	0
y_Boiler_3_23_2	0
y_Boiler_3_23_3	0
y_Boiler_3_23_4	0
y_Boiler_3_23_5	0
y_HP_4_0_0	0
y_HP_4_0_1	0
y_HP_4_0_2	0
y_HP_4_0_3	0
y_HP_4_0_4	0
y_HP_4_0_5	0
y_CHP_4_0_0	0
y_CHP_4_0_1	0
y_CHP_4_0_2	0
y_CHP_4_0_3	0
y_CHP_4_0_4	0
y_Boiler_4_0_0	1
y_Boiler_4_0_1	0
y_Boiler_4_0_2	0
y_Boiler_4_0_3	0
y_Boiler_4_0_4	0
y_Boiler_4_0_5	0
y_HP_4_1_0	0
y_HP_4_1_1	0
y_HP_4_1_2	0
y_HP_4_1_3	0
y_HP_4_1_4	0
y_HP_4_1_5	0
y_CHP_4_1_0	0
y_CHP_4_1_1	0
y_CHP_4_1_2	0
y_CHP_4_1_3	0
y_CHP_4_1_4	0
y_Boiler_4_1_0	0
y_Boiler_4_1_1	0
y_Boiler_4_1_2	0
y_Boiler_4_1_3	0
y_Boiler_4_1_4	0
y_Boiler_4_1_5	0
y_HP_4_2_0	0
y_HP_4_2_1	0
y_HP_4_2_2	0
y_HP_4_2_3	0
y_HP_4_2_4	0
y_HP_4_2_5	0
y_CHP_4_2_0	0
y_CHP_4_2_1	0
y_CHP_4_2_2	0
y_CHP_4_2_3	0
y_CHP_4_2_4	0
y_Boiler_4_2_0	0
y_Boiler_4_2_1	0
y_Boiler_4_2_2	0
y_Boiler_4_2_3	0
y_Boiler_4_2_4	0
y_Boiler_4_2_5	0
y_HP_4_3_0	0
y_HP_4_3_1	0
y_HP_4_3_2	0
y_HP_4_3_3	0
y_HP_4_3_4	0
y_HP_4_3_5	0
y_CHP_4_3_0	0
y_CHP_4_3_1	0
y_CHP_4_3_2	0
y_CHP_4_3_3	0
y_CHP_4_3_4	0
y_Boiler_4_3_0	0
y_Boiler_4_3_1	0
y_Boiler_4_3_2	0
y_Boiler_4_3_3	0
y_Boiler_4_3_4	0
y_Boiler_4_3_5	0
y_HP_4_4_0	0
y_HP_4_4_1	0
y_HP_4_4_2	0
y_HP_4_4_3	0
y_HP_4_4_4	0
y_HP_4_4_5	0
y_CHP_4_4_0	0
y_CHP_4_4_1	0
y_CHP_4_4_2	0
y_CHP_4_4_3	0
y_CHP_4_4_4	0
y_Boiler_4_4_0	0
y_Boiler_4_4_1	0
y_Boiler_4_4_2	0
y_Boiler_4_4_3	0
y_Boiler_4_4_4	0
y_Boiler_4_4_5	0
y_HP_4_5_0	0
y_HP_4_5_1	0
y_HP_4_5_2	0
y_HP_4_5_3	0
y_HP_4_5_4	0
y_HP_4_5_5	0
y_CHP_4_5_0	0
y_CHP_4_5_1	0
y_CHP_4_5_2	0
y_CHP_4_5_3	0
y_CHP_4_5_4	0
y_Boiler_4_5_0	1
y_Boiler_4_5_1	0
y_Boiler_4_5_2	0
y_Boiler_4_5_3	0
y_Boiler_4_5_4	0
y_Boiler_4_5_5	0
y_HP_4_6_0	0
y_HP_4_6_1	0
y_HP_4_6_2	0
y_HP_4_6_3	0
y_HP_4_6_4	0
y_HP_4_6_5	0
y_CHP_4_6_0	0
y_CHP_4_6_1	0
y_CHP_4_6_2	0
y_CHP_4_6_3	0
y_CHP_4_6_4	0
y_Boiler_4_6_0	0
y_Boiler_4_6_1	0
y_Boiler_4_6_2	0
y_Boiler_4_6_3	0
y_Boiler_4_6_4	0
y_Boiler_4_6_5	0
y_HP_4_7_0	0
y_HP_4_7_1	0
y_HP_4_7_2	0
y_HP_4_7_3	0
y_HP_4_7_4	0
y_HP_4_7_5	0
y_CHP_4_7_0	0
y_CHP_4_7_1	0
y_CHP_4_7_2	0
y_CHP_4_7_3	0
y_CHP_4_7_4	0
y_Boiler_4_7_0	1
y_Boiler_4_7_1	0
y_Boiler_4_7_2	0
y_Boiler_4_7_3	0
y_Boiler_4_7_4	0
y_Boiler_4_7_5	0
y_HP_4_8_0	0
y_HP_4_8_1	0
y_HP_4_8_2	0
y_HP_4_8_3	0
y_HP_4_8_4	0
y_HP_4_8_5	0
y_CHP_4_8_0	0
y_CHP_4_8_1	0
y_CHP_4_8_2	0
y_CHP_4_8_3	0
y_CHP_4_8_4	0
y_Boiler_4_8_0	0
y_Boiler_4_8_1	0
y_Boiler_4_8_2	0
y_Boiler_4_8_3	0
y_Boiler_4_8_4	0
y_Boiler_4_8_5	0
y_HP_4_9_0	0
y_HP_4_9_1	0
y_HP_4_9_2	0
y_HP_4_9_3	0
y_HP_4_9_4	0
y_HP_4_9_5	0
y_CHP_4_9_0	0
y_CHP_4_9_1	0
y_CHP_4_9_2	0
y_CHP_4_9_3	0
y_CHP_4_9_4	0
y_Boiler_4_9_0	0
y_Boiler_4_9_1	0
y_Boiler_4_9_2	0
y_Boiler_4_9_3	0
y_Boiler_4_9_4	0
y_Boiler_4_9_5	0
y_HP_4_10_0	0
y_HP_4_10_1	0
y_HP_4_10_2	0
y_HP_4_10_3	0
y_HP_4_10_4	0
y_HP_4_10_5	0
y_CHP_4_10_0	0
y_CHP_4_10_1	0
y_CHP_4_10_2	0
y_CHP_4_10_3	0
y_CHP_4_10_4	0
y_Boiler_4_10_0	0
y_Boiler_4_10_1	0
y_Boiler_4_10_2	0
y_Boiler_4_10_3	0
y_Boiler_4_10_4	0
y_Boiler_4_10_5	0
y_HP_4_11_0	0
y_HP_4_11_1	0
y_HP_4_11_2	0
y_HP_4_11_3	0
y_HP_4_11_4	0
y_HP_4_11_5	0
y_CHP_4_11_0	0
y_CHP_4_11_1	0
y_CHP_4_11_2	0
y_CHP_4_11_3	0
y_CHP_4_11_4	0
y_Boiler_4_11_0	0
y_Boiler_4_11_1	0
y_Boiler_4_11_2	0
y_Boiler_4_11_3	0
y_Boiler_4_11_4	0
y_Boiler_4_11_5	0
y_HP_4_12_0	0
y_HP_4_12_1	0
y_HP_4_12_2	0
y_HP_4_12_3	0
y_HP_4_12_4	0
y_HP_4_12_5	0
y_CHP_4_12_0	0
y_CHP_4_12_1	0
y_CHP_4_12_2	0
y_CHP_4_12_3	0
y_CHP_4_12_4	0
y_Boiler_4_12_0	1
y_Boiler_4_12_1	0
y_Boiler_4_12_2	0
y_Boiler_4_12_3	0
y_Boiler_4_12_4	0
y_Boiler_4_12_5	0
y_HP_4_13_0	0
y_HP_4_13_1	0
y_HP_4_13_2	0
y_HP_4_13_3	0
y_HP_4_13_4	0
y_HP_4_13_5	0
y_CHP_4_13_0	0
y_CHP_4_13_1	0
y_CHP_4_13_2	0
y_CHP_4_13_3	0
y_CHP_4_13_4	0
y_Boiler_4_13_0	0
y_Boiler_4_13_1	0
y_Boiler_4_13_2	0
y_Boiler_4_13_3	0
y_Boiler_4_13_4	0
y_Boiler_4_13_5	0
y_HP_4_14_0	0
y_HP_4_14_1	0
y_HP_4_14_2	0
y_HP_4_14_3	0
y_HP_4_14_4	0
y_HP_4_14_5	0
y_CHP_4_14_0	0
y_CHP_4_14_1	0
y_CHP_4_14_2	0
y_CHP_4_14_3	0
y_CHP_4_14_4	0
y_Boiler_4_14_0	0
y_Boiler_4_14_1	0
y_Boiler_4_14_2	0
y_Boiler_4_14_3	0
y_Boiler_4_14_4	0
y_Boiler_4_14_5	0
y_HP_4_15_0	0
y_HP_4_15_1	0
y_HP_4_15_2	0
y_HP_4_15_3	0
y_HP_4_15_4	0
y_HP_4_15_5	0
y_CHP_4_15_0	0
y_CHP_4_15_1	0
y_CHP_4_15_2	0
y_CHP_4_15_3	0
y_CHP_4_15_4	0
y_Boiler_4_15_0	0
y_Boiler_4_15_1	0
y_Boiler_4_15_2	0
y_Boiler_4_15_3	0
y_Boiler_4_15_4	0
y_Boiler_4_15_5	0
y_HP_4_16_0	0
y_HP_4_16_1	0
y_HP_4_16_2	0
y_HP_4_16_3	0
y_HP_4_16_4	0
y_HP_4_16_5	0
y_CHP_4_16_0	0
y_CHP_4_16_1	0
y_CHP_4_16_2	0
y_CHP_4_16_3	0
y_CHP_4_16_4	0
y_Boiler_4_16_0	0
y_Boiler_4_16_1	0
y_Boiler_4_16_2	0
y_Boiler_4_16_3	0
y_Boiler_4_16_4	0
y_Boiler_4_16_5	0
y_HP_4_17_0	0
y_HP_4_17_1	0
y_HP_4_17_2	0
y_HP_4_17_3	0
y_HP_4_17_4	0
y_HP_4_17_5	0
y_CHP_4_17_0	0
y_CHP_4_17_1	0
y_CHP_4_17_2	0
y_CHP_4_17_3	0
y_CHP_4_17_4	0
y_Boiler_4_17_0	0
y_Boiler_4_17_1	0
y_Boiler_4_17_2	0
y_Boiler_4_17_3	0
y_Boiler_4_17_4	0
y_Boiler_4_17_5	0
y_HP_4_18_0	0
y_HP_4_18_1	0
y_HP_4_18_2	0
y_HP_4_18_3	0
y_HP_4_18_4	0
y_HP_4_18_5	0
y_CHP_4_18_0	0
y_CHP_4_18_1	0
y_CHP_4_18_2	0
y_CHP_4_18_3	0
y_CHP_4_18_4	0
y_Boiler_4_18_0	0
y_Boiler_4_18_1	0
y_Boiler_4_18_2	0
y_Boiler_4_18_3	0
y_Boiler_4_18_4	0
y_Boiler_4_18_5	0
y_HP_4_19_0	0
y_HP_4_19_1	0
y_HP_4_19_2	0
y_HP_4_19_3	0
y_HP_4_19_4	0
y_HP_4_19_5	0
y_CHP_4_19_0	0
y_CHP_4_19_1	0
y_CHP_4_19_2	0
y_CHP_4_19_3	0
y_CHP_4_19_4	0
y_Boiler_4_19_0	0
y_Boiler_4_19_1	0
y_Boiler_4_19_2	0
y_Boiler_4_19_3	0
y_Boiler_4_19_4	0
y_Boiler_4_19_5	0
y_HP_4_20_0	0
y_HP_4_20_1	0
y_HP_4_20_2	0
y_HP_4_20_3	0
y_HP_4_20_4	0
y_HP_4_20_5	0
y_CHP_4_20_0	0
y_CHP_4_20_1	0
y_CHP_4_20_2	0
y_CHP_4_20_3	0
y_CHP_4_20_4	0
y_Boiler_4_20_0	0
y_Boiler_4_20_1	0
y_Boiler_4_20_2	0
y_Boiler_4_20_3	0
y_Boiler_4_20_4	0
y_Boiler_4_20_5	0
y_HP_4_21_0	0
y_HP_4_21_1	0
y_HP_4_21_2	0
y_HP_4_21_3	0
y_HP_4_21_4	0
y_HP_4_21_5	0
y_CHP_4_21_0	0
y_CHP_4_21_1	0
y_CHP_4_21_2	0
y_CHP_4_21_3	0
y_CHP_4_21_4	0
y_Boiler_4_21_0	0
y_Boiler_4_21_1	0
y_Boiler_4_21_2	0
y_Boiler_4_21_3	0
y_Boiler_4_21_4	0
y_Boiler_4_21_5	0
y_HP_4_22_0	0
y_HP_4_22_1	0
y_HP_4_22_2	0
y_HP_4_22_3	0
y_HP_4_22_4	0
y_HP_4_22_5	0
y_CHP_4_22_0	0
y_CHP_4_22_1	0
y_CHP_4_22_2	0
y_CHP_4_22_3	0
y_CHP_4_22_4	0
y_Boiler_4_22_0	0
y_Boiler_4_22_1	0
y_Boiler_4_22_2	0
y_Boiler_4_22_3	0
y_Boiler_4_22_4	0
y_Boiler_4_22_5	0
y_HP_4_23_0	0
y_HP_4_23_1	0
y_HP_4_23_2	0
y_HP_4_23_3	0
y_HP_4_23_4	0
y_HP_4_23_5	0
y_CHP_4_23_0	0
y_CHP_4_23_1	0
y_CHP_4_23_2	0
y_CHP_4_23_3	0
y_CHP_4_23_4	0
y_Boiler_4_23_0	0
y_Boiler_4_23_1	0
y_Boiler_4_23_2	0
y_Boiler_4_23_3	0
y_Boiler_4_23_4	0
y_Boiler_4_23_5	0
y_HP_5_0_0	0
y_HP_5_0_1	0
y_HP_5_0_2	0
y_HP_5_0_3	0
y_HP_5_0_4	0
y_HP_5_0_5	0
y_CHP_5_0_0	0
y_CHP_5_0_1	0
y_CHP_5_0_2	0
y_CHP_5_0_3	0
y_CHP_5_0_4	0
y_Boiler_5_0_0	1
y_Boiler_5_0_1	0
y_Boiler_5_0_2	0
y_Boiler_5_0_3	0
y_Boiler_5_0_4	0
y_Boiler_5_0_5	0
y_HP_5_1_0	0
y_HP_5_1_1	0
y_HP_5_1_2	0
y_HP_5_1_3	0
y_HP_5_1_4	0
y_HP_5_1_5	0
y_CHP_5_1_0	0
y_CHP_5_1_1	0
y_CHP_5_1_2	0
y_CHP_5_1_3	0
y_CHP_5_1_4	0
y_Boiler_5_1_0	0
y_Boiler_5_1_1	0
y_Boiler_5_1_2	0
y_Boiler_5_1_3	0
y_Boiler_5_1_4	0
y_Boiler_5_1_5	0
y_HP_5_2_0	0
y_HP_5_2_1	0
y_HP_5_2_2	0
y_HP_5_2_3	0
y_HP_5_2_4	0
y_HP_5_2_5	0
y_CHP_5_2_0	0
y_CHP_5_2_1	0
y_CHP_5_2_2	0
y_CHP_5_2_3	0
y_CHP_5_2_4	0
y_Boiler_5_2_0	0
y_Boiler_5_2_1	0
y_Boiler_5_2_2	0
y_Boiler_5_2_3	0
y_Boiler_5_2_4	0
y_Boiler_5_2_5	0
y_HP_5_3_0	0
y_HP_5_3_1	0
y_HP_5_3_2	0
y_HP_5_3_3	0
y_HP_5_3_4	0
y_HP_5_3_5	0
y_CHP_5_3_0	0
y_CHP_5_3_1	0
y_CHP_5_3_2	0
y_CHP_5_3_3	0
y_CHP_5_3_4	0
y_Boiler_5_3_0	0
y_Boiler_5_3_1	0
y_Boiler_5_3_2	0
y_Boiler_5_3_3	0
y_Boiler_5_3_4	0
y_Boiler_5_3_5	0
y_HP_5_4_0	0
y_HP_5_4_1	0
y_HP_5_4_2	0
y_HP_5_4_3	0
y_HP_5_4_4	0
y_HP_5_4_5	0
y_CHP_5_4_0	0
y_CHP_5_4_1	0
y_CHP_5_4_2	0
y_CHP_5_4_3	0
y_CHP_5_4_4	0
y_Boiler_5_4_0	1
y_Boiler_5_4_1	0
y_Boiler_5_4_2	0
y_Boiler_5_4_3	0
y_Boiler_5_4_4	0
y_Boiler_5_4_5	0
y_HP_5_5_0	0
y_HP_5_5_1	0
y_HP_5_5_2	0
y_HP_5_5_3	0
y_HP_5_5_4	0
y_HP_5_5_5	0
y_CHP_5_5_0	0
y_CHP_5_5_1	0
y_CHP_5_5_2	0
y_CHP_5_5_3	0
y_CHP_5_5_4	0
y_Boiler_5_5_0	0
y_Boiler_5_5_1	0
y_Boiler_5_5_2	0
y_Boiler_5_5_3	0
y_Boiler_5_5_4	0
y_Boiler_5_5_5	0
y_HP_5_6_0	0
y_HP_5_6_1	0
y_HP_5_6_2	0
y_HP_5_6_3	0
y_HP_5_6_4	0
y_HP_5_6_5	0
y_CHP_5_6_0	0
y_CHP_5_6_1	0
y_CHP_5_6_2	0
y_CHP_5_6_3	0
y_CHP_5_6_4	0
y_Boiler_5_6_0	0
y_Boiler_5_6_1	0
y_Boiler_5_6_2	0
y_Boiler_5_6_3	0
y_Boiler_5_6_4	0
y_Boiler_5_6_5	0
y_HP_5_7_0	0
y_HP_5_7_1	0
y_HP_5_7_2	0
y_HP_5_7_3	0
y_HP_5_7_4	0
y_HP_5_7_5	0
y_CHP_5_7_0	0
y_CHP_5_7_1	0
y_CHP_5_7_2	0
y_CHP_5_7_3	0
y_CHP_5_7_4	0
y_Boiler_5_7_0	0
y_Boiler_5_7_1	0
y_Boiler_5_7_2	0
y_Boiler_5_7_3	0
y_Boiler_5_7_4	0
y_Boiler_5_7_5	0
y_HP_5_8_0	0
y_HP_5_8_1	0
y_HP_5_8_2	0
y_HP_5_8_3	0
y_HP_5_8_4	0
y_HP_5_8_5	0
y_CHP_5_8_0	0
y_CHP_5_8_1	0
y_CHP_5_8_2	0
y_CHP_5_8_3	0
y_CHP_5_8_4	0
y_Boiler_5_8_0	1
y_Boiler_5_8_1	0
y_Boiler_5_8_2	0
y_Boiler_5_8_3	0
y_Boiler_5_8_4	0
y_Boiler_5_8_5	0
y_HP_5_9_0	0
y_HP_5_9_1	0
y_HP_5_9_2	0
y_HP_5_9_3	0
y_HP_5_9_4	0
y_HP_5_9_5	0
y_CHP_5_9_0	0
y_CHP_5_9_1	0
y_CHP_5_9_2	0
y_CHP_5_9_3	0
y_CHP_5_9_4	0
y_Boiler_5_9_0	0
y_Boiler_5_9_1	0
y_Boiler_5_9_2	0
y_Boiler_5_9_3	0
y_Boiler_5_9_4	0
y_Boiler_5_9_5	0
y_HP_5_10_0	0
y_HP_5_10_1	0
y_HP_5_10_2	0
y_HP_5_10_3	0
y_HP_5_10_4	0
y_HP_5_10_5	0
y_CHP_5_10_0	0
y_CHP_5_10_1	0
y_CHP_5_10_2	0
y_CHP_5_10_3	0
y_CHP_5_10_4	0
y_Boiler_5_10_0	0
y_Boiler_5_10_1	0
y_Boiler_5_10_2	0
y_Boiler_5_10_3	0
y_Boiler_5_10_4	0
y_Boiler_5_10_5	0
y_HP_5_11_0	0
y_HP_5_11_1	0
y_HP_5_11_2	0
y_HP_5_11_3	0
y_HP_5_11_4	0
y_HP_5_11_5	0
y_CHP_5_11_0	0
y_CHP_5_11_1	0
y_CHP_5_11_2	0
y_CHP_5_11_3	0
y_CHP_5_11_4	0
y_Boiler_5_11_0	0
y_Boiler_5_11_1	0
y_Boiler_5_11_2	0
y_Boiler_5_11_3	0
y_Boiler_5_11_4	0
y_Boiler_5_11_5	0
y_HP_5_12_0	0
y_HP_5_12_1	0
y_HP_5_12_2	0
y_HP_5_12_3	0
y_HP_5_12_4	0
y_HP_5_12_5	0
y_CHP_5_12_0	0
y_CHP_5_12_1	0
y_CHP_5_12_2	0
y_CHP_5_12_3	0
y_CHP_5_12_4	0
y_Boiler_5_12_0	0
y_Boiler_5_12_1	0
y_Boiler_5_12_2	0
y_Boiler_5_12_3	0
y_Boiler_5_12_4	0
y_Boiler_5_12_5	0
y_HP_5_13_0	0
y_HP_5_13_1	0
y_HP_5_13_2	0
y_HP_5_13_3	0
y_HP_5_13_4	0
y_HP_5_13_5	0
y_CHP_5_13_0	0
y_CHP_5_13_1	0
y_CHP_5_13_2	0
y_CHP_5_13_3	0
y_CHP_5_13_4	0
y_Boiler_5_13_0	0
y_Boiler_5_13_1	0
y_Boiler_5_13_2	0
y_Boiler_5_13_3	0
y_Boiler_5_13_4	0
y_Boiler_5_13_5	0
y_HP_5_14_0	0
y_HP_5_14_1	0
y_HP_5_14_2	0
y_HP_5_14_3	0
y_HP_5_14_4	0
y_HP_5_14_5	0
y_CHP_5_14_0	0
y_CHP_5_14_1	0
y_CHP_5_14_2	0
y_CHP_5_14_3	0
y_CHP_5_14_4	0
y_Boiler_5_14_0	0
y_Boiler_5_14_1	0
y_Boiler_5_14_2	0
y_Boiler_5_14_3	0
y_Boiler_5_14_4	0
y_Boiler_5_14_5	0
y_HP_5_15_0	0
y_HP_5_15_1	0
y_HP_5_15_2	0
y_HP_5_15_3	0
y_HP_5_15_4	0
y_HP_5_15_5	0
y_CHP_5_15_0	0
y_CHP_5_15_1	0
y_CHP_5_15_2	0
y_CHP_5_15_3	0
y_CHP_5_15_4	0
y_Boiler_5_15_0	0
y_Boiler_5_15_1	0
y_Boiler_5_15_2	0
y_Boiler_5_15_3	0
y_Boiler_5_15_4	0
y_Boiler_5_15_5	0
y_HP_5_16_0	0
y_HP_5_16_1	0
y_HP_5_16_2	0
y_HP_5_16_3	0
y_HP_5_16_4	0
y_HP_5_16_5	0
y_CHP_5_16_0	0
y_CHP_5_16_1	0
y_CHP_5_16_2	0
y_CHP_5_16_3	0
y_CHP_5_16_4	0
y_Boiler_5_16_0	0
y_Boiler_5_16_1	0
y_Boiler_5_16_2	0
y_Boiler_5_16_3	0
y_Boiler_5_16_4	0
y_Boiler_5_16_5	0
y_HP_5_17_0	0
y_HP_5_17_1	0
y_HP_5_17_2	0
y_HP_5_17_3	0
y_HP_5_17_4	0
y_HP_5_17_5	0
y_CHP_5_17_0	0
y_CHP_5_17_1	0
y_CHP_5_17_2	0
y_CHP_5_17_3	0
y_CHP_5_17_4	0
y_Boiler_5_17_0	0
y_Boiler_5_17_1	0
y_Boiler_5_17_2	0
y_Boiler_5_17_3	0
y_Boiler_5_17_4	0
y_Boiler_5_17_5	0
y_HP_5_18_0	0
y_HP_5_18_1	0
y_HP_5_18_2	0
y_HP_5_18_3	0
y_HP_5_18_4	0
y_HP_5_18_5	0
y_CHP_5_18_0	0
y_CHP_5_18_1	0
y_CHP_5_18_2	0
y_CHP_5_18_3	0
y_CHP_5_18_4	0
y_Boiler_5_18_0	0
y_Boiler_5_18_1	0
y_Boiler_5_18_2	0
y_Boiler_5_18_3	0
y_Boiler_5_18_4	0
y_Boiler_5_18_5	0
y_HP_5_19_0	0
y_HP_5_19_1	0
y_HP_5_19_2	0
y_HP_5_19_3	0
y_HP_5_19_4	0
y_HP_5_19_5	0
y_CHP_5_19_0	0
y_CHP_5_19_1	0
y_CHP_5_19_2	0
y_CHP_5_19_3	0
y_CHP_5_19_4	0
y_Boiler_5_19_0	0
y_Boiler_5_19_1	0
y_Boiler_5_19_2	0
y_Boiler_5_19_3	0
y_Boiler_5_19_4	0
y_Boiler_5_19_5	0
y_HP_5_20_0	0
y_HP_5_20_1	0
y_HP_5_20_2	0
y_HP_5_20_3	0
y_HP_5_20_4	0
y_HP_5_20_5	0
y_CHP_5_20_0	0
y_CHP_5_20_1	0
y_CHP_5_20_2	0
y_CHP_5_20_3	0
y_CHP_5_20_4	0
y_Boiler_5_20_0	0
y_Boiler_5_20_1	0
y_Boiler_5_20_2	0
y_Boiler_5_20_3	0
y_Boiler_5_20_4	0
y_Boiler_5_20_5	0
y_HP_5_21_0	0
y_HP_5_21_1	0
y_HP_5_21_2	0
y_HP_5_21_3	0
y_HP_5_21_4	0
y_HP_5_21_5	0
y_CHP_5_21_0	0
y_CHP_5_21_1	0
y_CHP_5_21_2	0
y_CHP_5_21_3	0
y_CHP_5_21_4	0
y_Boiler_5_21_0	0
y_Boiler_5_21_1	0
y_Boiler_5_21_2	0
y_Boiler_5_21_3	0
y_Boiler_5_21_4	0
y_Boiler_5_21_5	0
y_HP_5_22_0	0
y_HP_5_22_1	0
y_HP_5_22_2	0
y_HP_5_22_3	0
y_HP_5_22_4	0
y_HP_5_22_5	0
y_CHP_5_22_0	0
y_CHP_5_22_1	0
y_CHP_5_22_2	0
y_CHP_5_22_3	0
y_CHP_5_22_4	0
y_Boiler_5_22_0	0
y_Boiler_5_22_1	0
y_Boiler_5_22_2	0
y_Boiler_5_22_3	0
y_Boiler_5_22_4	0
y_Boiler_5_22_5	0
y_HP_5_23_0	0
y_HP_5_23_1	0
y_HP_5_23_2	0
y_HP_5_23_3	0
y_HP_5_23_4	0
y_HP_5_23_5	0
y_CHP_5_23_0	0
y_CHP_5_23_1	0
y_CHP_5_23_2	0
y_CHP_5_23_3	0
y_CHP_5_23_4	0
y_Boiler_5_23_0	0
y_Boiler_5_23_1	0
y_Boiler_5_23_2	0
y_Boiler_5_23_3	0
y_Boiler_5_23_4	0
y_Boiler_5_23_5	0
y_HP_6_0_0	0
y_HP_6_0_1	0
y_HP_6_0_2	0
y_HP_6_0_3	0
y_HP_6_0_4	0
y_HP_6_0_5	0
y_CHP_6_0_0	0
y_CHP_6_0_1	0
y_CHP_6_0_2	0
y_CHP_6_0_3	0
y_CHP_6_0_4	0
y_Boiler_6_0_0	1
y_Boiler_6_0_1	0
y_Boiler_6_0_2	0
y_Boiler_6_0_3	0
y_Boiler_6_0_4	0
y_Boiler_6_0_5	0
y_HP_6_1_0	0
y_HP_6_1_1	0
y_HP_6_1_2	0
y_HP_6_1_3	0
y_HP_6_1_4	0
y_HP_6_1_5	0
y_CHP_6_1_0	0
y_CHP_6_1_1	0
y_CHP_6_1_2	0
y_CHP_6_1_3	0
y_CHP_6_1_4	0
y_Boiler_6_1_0	0
y_Boiler_6_1_1	0
y_Boiler_6_1_2	0
y_Boiler_6_1_3	0
y_Boiler_6_1_4	0
y_Boiler_6_1_5	0
y_HP_6_2_0	0
y_HP_6_2_1	0
y_HP_6_2_2	0
y_HP_6_2_3	0
y_HP_6_2_4	0
y_HP_6_2_5	0
y_CHP_6_2_0	0
y_CHP_6_2_1	0
y_CHP_6_2_2	0
y_CHP_6_2_3	0
y_CHP_6_2_4	0
y_Boiler_6_2_0	0
y_Boiler_6_2_1	0
y_Boiler_6_2_2	0
y_Boiler_6_2_3	0
y_Boiler_6_2_4	0
y_Boiler_6_2_5	0
y_HP_6_3_0	0
y_HP_6_3_1	0
y_HP_6_3_2	0
y_HP_6_3_3	0
y_HP_6_3_4	0
y_HP_6_3_5	0
y_CHP_6_3_0	0
y_CHP_6_3_1	0
y_CHP_6_3_2	0
y_CHP_6_3_3	0
y_CHP_6_3_4	0
y_Boiler_6_3_0	0
y_Boiler_6_3_1	0
y_Boiler_6_3_2	0
y_Boiler_6_3_3	0
y_Boiler_6_3_4	0
y_Boiler_6_3_5	0
y_HP_6_4_0	0
y_HP_6_4_1	0
y_HP_6_4_2	0
y_HP_6_4_3	0
y_HP_6_4_4	0
y_HP_6_4_5	0
y_CHP_6_4_0	0
y_CHP_6_4_1	0
y_CHP_6_4_2	0
y_CHP_6_4_3	0
y_CHP_6_4_4	0
y_Boiler_6_4_0	0
y_Boiler_6_4_1	0
y_Boiler_6_4_2	0
y_Boiler_6_4_3	0
y_Boiler_6_4_4	0
y_Boiler_6_4_5	0
y_HP_6_5_0	0
y_HP_6_5_1	0
y_HP_6_5_2	0
y_HP_6_5_3	0
y_HP_6_5_4	0
y_HP_6_5_5	0
y_CHP_6_5_0	0
y_CHP_6_5_1	0
y_CHP_6_5_2	0
y_CHP_6_5_3	0
y_CHP_6_5_4	0
y_Boiler_6_5_0	0
y_Boiler_6_5_1	0
y_Boiler_6_5_2	0
y_Boiler_6_5_3	0
y_Boiler_6_5_4	0
y_Boiler_6_5_5	0
y_HP_6_6_0	0
y_HP_6_6_1	0
y_HP_6_6_2	0
y_HP_6_6_3	0
y_HP_6_6_4	0
y_HP_6_6_5	0
y_CHP_6_6_0	0
y_CHP_6_6_1	0
y_CHP_6_6_2	0
y_CHP_6_6_3	0
y_CHP_6_6_4	0
y_Boiler_6_6_0	0
y_Boiler_6_6_1	0
y_Boiler_6_6_2	0
y_Boiler_6_6_3	0
y_Boiler_6_6_4	0
y_Boiler_6_6_5	0
y_HP_6_7_0	0
y_HP_6_7_1	0
y_HP_6_7_2	0
y_HP_6_7_3	0
y_HP_6_7_4	0
y_HP_6_7_5	0
y_CHP_6_7_0	0
y_CHP_6_7_1	0
y_CHP_6_7_2	0
y_CHP_6_7_3	0
y_CHP_6_7_4	0
y_Boiler_6_7_0	1
y_Boiler_6_7_1	0
y_Boiler_6_7_2	0
y_Boiler_6_7_3	0
y_Boiler_6_7_4	0
y_Boiler_6_7_5	0
y_HP_6_8_0	0
y_HP_6_8_1	0
y_HP_6_8_2	0
y_HP_6_8_3	0
y_HP_6_8_4	0
y_HP_6_8_5	0
y_CHP_6_8_0	0
y_CHP_6_8_1	0
y_CHP_6_8_2	0
y_CHP_6_8_3	0
y_CHP_6_8_4	0
y_Boiler_6_8_0	0
y_Boiler_6_8_1	0
y_Boiler_6_8_2	0
y_Boiler_6_8_3	0
y_Boiler_6_8_4	0
y_Boiler_6_8_5	0
y_HP_6_9_0	0
y_HP_6_9_1	0
y_HP_6_9_2	0
y_HP_6_9_3	0
y_HP_6_9_4	0
y_HP_6_9_5	0
y_CHP_6_9_0	0
y_CHP_6_9_1	0
y_CHP_6_9_2	0
y_CHP_6_9_3	0
y_CHP_6_9_4	0
y_Boiler_6_9_0	0
y_Boiler_6_9_1	0
y_Boiler_6_9_2	0
y_Boiler_6_9_3	0
y_Boiler_6_9_4	0
y_Boiler_6_9_5	0
y_HP_6_10_0	0
y_HP_6_10_1	0
y_HP_6_10_2	0
y_HP_6_10_3	0
y_HP_6_10_4	0
y_HP_6_10_5	0
y_CHP_6_10_0	0
y_CHP_6_10_1	0
y_CHP_6_10_2	0
y_CHP_6_10_3	0
y_CHP_6_10_4	0
y_Boiler_6_10_0	0
y_Boiler_6_10_1	0
y_Boiler_6_10_2	0
y_Boiler_6_10_3	0
y_Boiler_6_10_4	0
y_Boiler_6_10_5	0
y_HP_6_11_0	0
y_HP_6_11_1	0
y_HP_6_11_2	0
y_HP_6_11_3	0
y_HP_6_11_4	0
y_HP_6_11_5	0
y_CHP_6_11_0	0
y_CHP_6_11_1	0
y_CHP_6_11_2	0
y_CHP_6_11_3	0
y_CHP_6_11_4	0
y_Boiler_6_11_0	0
y_Boiler_6_11_1	0
y_Boiler_6_11_2	0
y_Boiler_6_11_3	0
y_Boiler_6_11_4	0
y_Boiler_6_11_5	0
y_HP_6_12_0	0
y_HP_6_12_1	0
y_HP_6_12_2	0
y_HP_6_12_3	0
y_HP_6_12_4	0
y_HP_6_12_5	0
y_CHP_6_12_0	0
y_CHP_6_12_1	0
y_CHP_6_12_2	0
y_CHP_6_12_3	0
y_CHP_6_12_4	0
y_Boiler_6_12_0	0
y_Boiler_6_12_1	0
y_Boiler_6_12_2	0
y_Boiler_6_12_3	0
y_Boiler_6_12_4	0
y_Boiler_6_12_5	0
y_HP_6_13_0	0
y_HP_6_13_1	0
y_HP_6_13_2	0
y_HP_6_13_3	0
y_HP_6_13_4	0
y_HP_6_13_5	0
y_CHP_6_13_0	0
y_CHP_6_13_1	0
y_CHP_6_13_2	0
y_CHP_6_13_3	0
y_CHP_6_13_4	0
y_Boiler_6_13_0	0
y_Boiler_6_13_1	0
y_Boiler_6_13_2	0
y_Boiler_6_13_3	0
y_Boiler_6_13_4	0
y_Boiler_6_13_5	0
y_HP_6_14_0	0
y_HP_6_14_1	0
y_HP_6_14_2	0
y_HP_6_14_3	0
y_HP_6_14_4	0
y_HP_6_14_5	0
y_CHP_6_14_0	0
y_CHP_6_14_1	0
y_CHP_6_14_2	0
y_CHP_6_14_3	0
y_CHP_6_14_4	0
y_Boiler_6_14_0	0
y_Boiler_6_14_1	0
y_Boiler_6_14_2	0
y_Boiler_6_14_3	0
y_Boiler_6_14_4	0
y_Boiler_6_14_5	0
y_HP_6_15_0	0
y_HP_6_15_1	0
y_HP_6_15_2	0
y_HP_6_15_3	0
y_HP_6_15_4	0
y_HP_6_15_5	0
y_CHP_6_15_0	0
y_CHP_6_15_1	0
y_CHP_6_15_2	0
y_CHP_6_15_3	0
y_CHP_6_15_4	0
y_Boiler_6_15_0	0
y_Boiler_6_15_1	0
y_Boiler_6_15_2	0
y_Boiler_6_15_3	0
y_Boiler_6_15_4	0
y_Boiler_6_15_5	0
y_HP_6_16_0	0
y_HP_6_16_1	0
y_HP_6_16_2	0
y_HP_6_16_3	0
y_HP_6_16_4	0
y_HP_6_16_5	0
y_CHP_6_16_0	0
y_CHP_6_16_1	0
y_CHP_6_16_2	0
y_CHP_6_16_3	0
y_CHP_6_16_4	0
y_Boiler_6_16_0	0
y_Boiler_6_16_1	0
y_Boiler_6_16_2	0
y_Boiler_6_16_3	0
y_Boiler_6_16_4	0
y_Boiler_6_16_5	0
y_HP_6_17_0	0
y_HP_6_17_1	0
y_HP_6_17_2	0
y_HP_6_17_3	0
y_HP_6_17_4	0
y_HP_6_17_5	0
y_CHP_6_17_0	0
y_CHP_6_17_1	0
y_CHP_6_17_2	0
y_CHP_6_17_3	0
y_CHP_6_17_4	0
y_Boiler_6_17_0	0
y_Boiler_6_17_1	0
y_Boiler_6_17_2	0
y_Boiler_6_17_3	0
y_Boiler_6_17_4	0
y_Boiler_6_17_5	0
y_HP_6_18_0	0
y_HP_6_18_1	0
y_HP_6_18_2	0
y_HP_6_18_3	0
y_HP_6_18_4	0
y_HP_6_18_5	0
y_CHP_6_18_0	0
y_CHP_6_18_1	0
y_CHP_6_18_2	0
y_CHP_6_18_3	0
y_CHP_6_18_4	0
y_Boiler_6_18_0	0
y_Boiler_6_18_1	0
y_Boiler_6_18_2	0
y_Boiler_6_18_3	0
y_Boiler_6_18_4	0
y_Boiler_6_18_5	0
y_HP_6_19_0	0
y_HP_6_19_1	0
y_HP_6_19_2	0
y_HP_6_19_3	0
y_HP_6_19_4	0
y_HP_6_19_5	0
y_CHP_6_19_0	0
y_CHP_6_19_1	0
y_CHP_6_19_2	0
y_CHP_6_19_3	0
y_CHP_6_19_4	0
y_Boiler_6_19_0	0
y_Boiler_6_19_1	0
y_Boiler_6_19_2	0
y_Boiler_6_19_3	0
y_Boiler_6_19_4	0
y_Boiler_6_19_5	0
y_HP_6_20_0	0
y_HP_6_20_1	0
y_HP_6_20_2	0
y_HP_6_20_3	0
y_HP_6_20_4	0
y_HP_6_20_5	0
y_CHP_6_20_0	0
y_CHP_6_20_1	0
y_CHP_6_20_2	0
y_CHP_6_20_3	0
y_CHP_6_20_4	0
y_Boiler_6_20_0	0
y_Boiler_6_20_1	0
y_Boiler_6_20_2	0
y_Boiler_6_20_3	0
y_Boiler_6_20_4	0
y_Boiler_6_20_5	0
y_HP_6_21_0	0
y_HP_6_21_1	0
y_HP_6_21_2	0
y_HP_6_21_3	0
y_HP_6_21_4	0
y_HP_6_21_5	0
y_CHP_6_21_0	0
y_CHP_6_21_1	0
y_CHP_6_21_2	0
y_CHP_6_21_3	0
y_CHP_6_21_4	0
y_Boiler_6_21_0	0
y_Boiler_6_21_1	0
y_Boiler_6_21_2	0
y_Boiler_6_21_3	0
y_Boiler_6_21_4	0
y_Boiler_6_21_5	0
y_HP_6_22_0	0
y_HP_6_22_1	0
y_HP_6_22_2	0
y_HP_6_22_3	0
y_HP_6_22_4	0
y_HP_6_22_5	0
y_CHP_6_22_0	0
y_CHP_6_22_1	0
y_CHP_6_22_2	0
y_CHP_6_22_3	0
y_CHP_6_22_4	0
y_Boiler_6_22_0	0
y_Boiler_6_22_1	0
y_Boiler_6_22_2	0
y_Boiler_6_22_3	0
y_Boiler_6_22_4	0
y_Boiler_6_22_5	0
y_HP_6_23_0	0
y_HP_6_23_1	0
y_HP_6_23_2	0
y_HP_6_23_3	0
y_HP_6_23_4	0
y_HP_6_23_5	0
y_CHP_6_23_0	0
y_CHP_6_23_1	0
y_CHP_6_23_2	0
y_CHP_6_23_3	0
y_CHP_6_23_4	0
y_Boiler_6_23_0	0
y_Boiler_6_23_1	0
y_Boiler_6_23_2	0
y_Boiler_6_23_3	0
y_Boiler_6_23_4	0
y_Boiler_6_23_5	0
y_HP_7_0_0	0
y_HP_7_0_1	0
y_HP_7_0_2	0
y_HP_7_0_3	0
y_HP_7_0_4	0
y_HP_7_0_5	0
y_CHP_7_0_0	0
y_CHP_7_0_1	0
y_CHP_7_0_2	0
y_CHP_7_0_3	0
y_CHP_7_0_4	0
y_Boiler_7_0_0	1
y_Boiler_7_0_1	0
y_Boiler_7_0_2	0
y_Boiler_7_0_3	0
y_Boiler_7_0_4	0
y_Boiler_7_0_5	0
y_HP_7_1_0	0
y_HP_7_1_1	0
y_HP_7_1_2	0
y_HP_7_1_3	0
y_HP_7_1_4	0
y_HP_7_1_5	0
y_CHP_7_1_0	0
y_CHP_7_1_1	0
y_CHP_7_1_2	0
y_CHP_7_1_3	0
y_CHP_7_1_4	0
y_Boiler_7_1_0	0
y_Boiler_7_1_1	0
y_Boiler_7_1_2	0
y_Boiler_7_1_3	0
y_Boiler_7_1_4	0
y_Boiler_7_1_5	0
y_HP_7_2_0	0
y_HP_7_2_1	0
y_HP_7_2_2	0
y_HP_7_2_3	0
y_HP_7_2_4	0
y_HP_7_2_5	0
y_CHP_7_2_0	0
y_CHP_7_2_1	0
y_CHP_7_2_2	0
y_CHP_7_2_3	0
y_CHP_7_2_4	0
y_Boiler_7_2_0	0
y_Boiler_7_2_1	0
y_Boiler_7_2_2	0
y_Boiler_7_2_3	0
y_Boiler_7_2_4	0
y_Boiler_7_2_5	0
y_HP_7_3_0	0
y_HP_7_3_1	0
y_HP_7_3_2	0
y_HP_7_3_3	0
y_HP_7_3_4	0
y_HP_7_3_5	0
y_CHP_7_3_0	0
y_CHP_7_3_1	0
y_CHP_7_3_2	0
y_CHP_7_3_3	0
y_CHP_7_3_4	0
y_Boiler_7_3_0	0
y_Boiler_7_3_1	0
y_Boiler_7_3_2	0
y_Boiler_7_3_3	0
y_Boiler_7_3_4	0
y_Boiler_7_3_5	0
y_HP_7_4_0	0
y_HP_7_4_1	0
y_HP_7_4_2	0
y_HP_7_4_3	0
y_HP_7_4_4	0
y_HP_7_4_5	0
y_CHP_7_4_0	0
y_CHP_7_4_1	0
y_CHP_7_4_2	0
y_CHP_7_4_3	0
y_CHP_7_4_4	0
y_Boiler_7_4_0	1
y_Boiler_7_4_1	0
y_Boiler_7_4_2	0
y_Boiler_7_4_3	0
y_Boiler_7_4_4	0
y_Boiler_7_4_5	0
y_HP_7_5_0	0
y_HP_7_5_1	0
y_HP_7_5_2	0
y_HP_7_5_3	0
y_HP_7_5_4	0
y_HP_7_5_5	0
y_CHP_7_5_0	0
y_CHP_7_5_1	0
y_CHP_7_5_2	0
y_CHP_7_5_3	0
y_CHP_7_5_4	0
y_Boiler_7_5_0	0
y_Boiler_7_5_1	0
y_Boiler_7_5_2	0
y_Boiler_7_5_3	0
y_Boiler_7_5_4	0
y_Boiler_7_5_5	0
y_HP_7_6_0	0
y_HP_7_6_1	0
y_HP_7_6_2	0
y_HP_7_6_3	0
y_HP_7_6_4	0
y_HP_7_6_5	0
y_CHP_7_6_0	0
y_CHP_7_6_1	0
y_CHP_7_6_2	0
y_CHP_7_6_3	0
y_CHP_7_6_4	0
y_Boiler_7_6_0	0
y_Boiler_7_6_1	0
y_Boiler_7_6_2	0
y_Boiler_7_6_3	0
y_Boiler_7_6_4	0
y_Boiler_7_6_5	0
y_HP_7_7_0	0
y_HP_7_7_1	0
y_HP_7_7_2	0
y_HP_7_7_3	0
y_HP_7_7_4	0
y_HP_7_7_5	0
y_CHP_7_7_0	0
y_CHP_7_7_1	0
y_CHP_7_7_2	0
y_CHP_7_7_3	0
y_CHP_7_7_4	0
y_Boiler_7_7_0	0
y_Boiler_7_7_1	0
y_Boiler_7_7_2	0
y_Boiler_7_7_3	0
y_Boiler_7_7_4	0
y_Boiler_7_7_5	0
y_HP_7_8_0	0
y_HP_7_8_1	0
y_HP_7_8_2	0
y_HP_7_8_3	0
y_HP_7_8_4	0
y_HP_7_8_5	0
y_CHP_7_8_0	0
y_CHP_7_8_1	0
y_CHP_7_8_2	0
y_CHP_7_8_3	0
y_CHP_7_8_4	0
y_Boiler_7_8_0	0
y_Boiler_7_8_1	0
y_Boiler_7_8_2	0
y_Boiler_7_8_3	0
y_Boiler_7_8_4	0
y_Boiler_7_8_5	0
y_HP_7_9_0	0
y_HP_7_9_1	0
y_HP_7_9_2	0
y_HP_7_9_3	0
y_HP_7_9_4	0
y_HP_7_9_5	0
y_CHP_7_9_0	0
y_CHP_7_9_1	0
y_CHP_7_9_2	0
y_CHP_7_9_3	0
y_CHP_7_9_4	0
y_Boiler_7_9_0	0
y_Boiler_7_9_1	0
y_Boiler_7_9_2	0
y_Boiler_7_9_3	0
y_Boiler_7_9_4	0
y_Boiler_7_9_5	0
y_HP_7_10_0	0
y_HP_7_10_1	0
y_HP_7_10_2	0
y_HP_7_10_3	0
y_HP_7_10_4	0
y_HP_7_10_5	0
y_CHP_7_10_0	0
y_CHP_7_10_1	0
y_CHP_7_10_2	0
y_CHP_7_10_3	0
y_CHP_7_10_4	0
y_Boiler_7_10_0	0
y_Boiler_7_10_1	0
y_Boiler_7_10_2	0
y_Boiler_7_10_3	0
y_Boiler_7_10_4	0
y_Boiler_7_10_5	0
y_HP_7_11_0	0
y_HP_7_11_1	0
y_HP_7_11_2	0
y_HP_7_11_3	0
y_HP_7_11_4	0
y_HP_7_11_5	0
y_CHP_7_11_0	0
y_CHP_7_11_1	0
y_CHP_7_11_2	0
y_CHP_7_11_3	0
y_CHP_7_11_4	0
y_Boiler_7_11_0	0
y_Boiler_7_11_1	0
y_Boiler_7_11_2	0
y_Boiler_7_11_3	0
y_Boiler_7_11_4	0
y_Boiler_7_11_5	0
y_HP_7_12_0	0
y_HP_7_12_1	0
y_HP_7_12_2	0
y_HP_7_12_3	0
y_HP_7_12_4	0
y_HP_7_12_5	0
y_CHP_7_12_0	0
y_CHP_7_12_1	0
y_CHP_7_12_2	0
y_CHP_7_12_3	0
y_CHP_7_12_4	0
y_Boiler_7_12_0	0
y_Boiler_7_12_1	0
y_Boiler_7_12_2	0
y_Boiler_7_12_3	0
y_Boiler_7_12_4	0
y_Boiler_7_12_5	0
y_HP_7_13_0	0
y_HP_7_13_1	0
y_HP_7_13_2	0
y_HP_7_13_3	0
y_HP_7_13_4	0
y_HP_7_13_5	0
y_CHP_7_13_0	0
y_CHP_7_13_1	0
y_CHP_7_13_2	0
y_CHP_7_13_3	0
y_CHP_7_13_4	0
y_Boiler_7_13_0	0
y_Boiler_7_13_1	0
y_Boiler_7_13_2	0
y_Boiler_7_13_3	0
y_Boiler_7_13_4	0
y_Boiler_7_13_5	0
y_HP_7_14_0	0
y_HP_7_14_1	0
y_HP_7_14_2	0
y_HP_7_14_3	0
y_HP_7_14_4	0
y_HP_7_14_5	0
y_CHP_7_14_0	0
y_CHP_7_14_1	0
y_CHP_7_14_2	0
y_CHP_7_14_3	0
y_CHP_7_14_4	0
y_Boiler_7_14_0	0
y_Boiler_7_14_1	0
y_Boiler_7_14_2	0
y_Boiler_7_14_3	0
y_Boiler_7_14_4	0
y_Boiler_7_14_5	0
y_HP_7_15_0	0
y_HP_7_15_1	0
y_HP_7_15_2	0
y_HP_7_15_3	0
y_HP_7_15_4	0
y_HP_7_15_5	0
y_CHP_7_15_0	0
y_CHP_7_15_1	0
y_CHP_7_15_2	0
y_CHP_7_15_3	0
y_CHP_7_15_4	0
y_Boiler_7_15_0	0
y_Boiler_7_15_1	0
y_Boiler_7_15_2	0
y_Boiler_7_15_3	0
y_Boiler_7_15_4	0
y_Boiler_7_15_5	0
y_HP_7_16_0	0
y_HP_7_16_1	0
y_HP_7_16_2	0
y_HP_7_16_3	0
y_HP_7_16_4	0
y_HP_7_16_5	0
y_CHP_7_16_0	0
y_CHP_7_16_1	0
y_CHP_7_16_2	0
y_CHP_7_16_3	0
y_CHP_7_16_4	0
y_Boiler_7_16_0	0
y_Boiler_7_16_1	0
y_Boiler_7_16_2	0
y_Boiler_7_16_3	0
y_Boiler_7_16_4	0
y_Boiler_7_16_5	0
y_HP_7_17_0	0
y_HP_7_17_1	0
y_HP_7_17_2	0
y_HP_7_17_3	0
y_HP_7_17_4	0
y_HP_7_17_5	0
y_CHP_7_17_0	0
y_CHP_7_17_1	0
y_CHP_7_17_2	0
y_CHP_7_17_3	0
y_CHP_7_17_4	0
y_Boiler_7_17_0	0
y_Boiler_7_17_1	0
y_Boiler_7_17_2	0
y_Boiler_7_17_3	0
y_Boiler_7_17_4	0
y_Boiler_7_17_5	0
y_HP_7_18_0	0
y_HP_7_18_1	0
y_HP_7_18_2	0
y_HP_7_18_3	0
y_HP_7_18_4	0
y_HP_7_18_5	0
y_CHP_7_18_0	0
y_CHP_7_18_1	0
y_CHP_7_18_2	0
y_CHP_7_18_3	0
y_CHP_7_18_4	0
y_Boiler_7_18_0	0
y_Boiler_7_18_1	0
y_Boiler_7_18_2	0
y_Boiler_7_18_3	0
y_Boiler_7_18_4	0
y_Boiler_7_18_5	0
y_HP_7_19_0	0
y_HP_7_19_1	0
y_HP_7_19_2	0
y_HP_7_19_3	0
y_HP_7_19_4	0
y_HP_7_19_5	0
y_CHP_7_19_0	0
y_CHP_7_19_1	0
y_CHP_7_19_2	0
y_CHP_7_19_3	0
y_CHP_7_19_4	0
y_Boiler_7_19_0	0
y_Boiler_7_19_1	0
y_Boiler_7_19_2	0
y_Boiler_7_19_3	0
y_Boiler_7_19_4	0
y_Boiler_7_19_5	0
y_HP_7_20_0	0
y_HP_7_20_1	0
y_HP_7_20_2	0
y_HP_7_20_3	0
y_HP_7_20_4	0
y_HP_7_20_5	0
y_CHP_7_20_0	0
y_CHP_7_20_1	0
y_CHP_7_20_2	0
y_CHP_7_20_3	0
y_CHP_7_20_4	0
y_Boiler_7_20_0	0
y_Boiler_7_20_1	0
y_Boiler_7_20_2	0
y_Boiler_7_20_3	0
y_Boiler_7_20_4	0
y_Boiler_7_20_5	0
y_HP_7_21_0	0
y_HP_7_21_1	0
y_HP_7_21_2	0
y_HP_7_21_3	0
y_HP_7_21_4	0
y_HP_7_21_5	0
y_CHP_7_21_0	0
y_CHP_7_21_1	0
y_CHP_7_21_2	0
y_CHP_7_21_3	0
y_CHP_7_21_4	0
y_Boiler_7_21_0	0
y_Boiler_7_21_1	0
y_Boiler_7_21_2	0
y_Boiler_7_21_3	0
y_Boiler_7_21_4	0
y_Boiler_7_21_5	0
y_HP_7_22_0	0
y_HP_7_22_1	0
y_HP_7_22_2	0
y_HP_7_22_3	0
y_HP_7_22_4	0
y_HP_7_22_5	0
y_CHP_7_22_0	0
y_CHP_7_22_1	0
y_CHP_7_22_2	0
y_CHP_7_22_3	0
y_CHP_7_22_4	0
y_Boiler_7_22_0	0
y_Boiler_7_22_1	0
y_Boiler_7_22_2	0
y_Boiler_7_22_3	0
y_Boiler_7_22_4	0
y_Boiler_7_22_5	0
y_HP_7_23_0	0
y_HP_7_23_1	0
y_HP_7_23_2	0
y_HP_7_23_3	0
y_HP_7_23_4	0
y_HP_7_23_5	0
y_CHP_7_23_0	0
y_CHP_7_23_1	0
y_CHP_7_23_2	0
y_CHP_7_23_3	0
y_CHP_7_23_4	0
y_Boiler_7_23_0	0
y_Boiler_7_23_1	0
y_Boiler_7_23_2	0
y_Boiler_7_23_3	0
y_Boiler_7_23_4	0
y_Boiler_7_23_5	0
y_HP_8_0_0	0
y_HP_8_0_1	0
y_HP_8_0_2	0
y_HP_8_0_3	0
y_HP_8_0_4	0
y_HP_8_0_5	0
y_CHP_8_0_0	0
y_CHP_8_0_1	0
y_CHP_8_0_2	0
y_CHP_8_0_3	0
y_CHP_8_0_4	0
y_Boiler_8_0_0	1
y_Boiler_8_0_1	0
y_Boiler_8_0_2	0
y_Boiler_8_0_3	0
y_Boiler_8_0_4	0
y_Boiler_8_0_5	0
y_HP_8_1_0	0
y_HP_8_1_1	0
y_HP_8_1_2	0
y_HP_8_1_3	0
y_HP_8_1_4	0
y_HP_8_1_5	0
y_CHP_8_1_0	0
y_CHP_8_1_1	0
y_CHP_8_1_2	0
y_CHP_8_1_3	0
y_CHP_8_1_4	0
y_Boiler_8_1_0	0
y_Boiler_8_1_1	0
y_Boiler_8_1_2	0
y_Boiler_8_1_3	0
y_Boiler_8_1_4	0
y_Boiler_8_1_5	0
y_HP_8_2_0	0
y_HP_8_2_1	0
y_HP_8_2_2	0
y_HP_8_2_3	0
y_HP_8_2_4	0
y_HP_8_2_5	0
y_CHP_8_2_0	0
y_CHP_8_2_1	0
y_CHP_8_2_2	0
y_CHP_8_2_3	0
y_CHP_8_2_4	0
y_Boiler_8_2_0	0
y_Boiler_8_2_1	0
y_Boiler_8_2_2	0
y_Boiler_8_2_3	0
y_Boiler_8_2_4	0
y_Boiler_8_2_5	0
y_HP_8_3_0	0
y_HP_8_3_1	0
y_HP_8_3_2	0
y_HP_8_3_3	0
y_HP_8_3_4	0
y_HP_8_3_5	0
y_CHP_8_3_0	0
y_CHP_8_3_1	0
y_CHP_8_3_2	0
y_CHP_8_3_3	0
y_CHP_8_3_4	0
y_Boiler_8_3_0	0
y_Boiler_8_3_1	0
y_Boiler_8_3_2	0
y_Boiler_8_3_3	0
y_Boiler_8_3_4	0
y_Boiler_8_3_5	0
y_HP_8_4_0	0
y_HP_8_4_1	0
y_HP_8_4_2	0
y_HP_8_4_3	0
y_HP_8_4_4	0
y_HP_8_4_5	0
y_CHP_8_4_0	0
y_CHP_8_4_1	0
y_CHP_8_4_2	0
y_CHP_8_4_3	0
y_CHP_8_4_4	0
y_Boiler_8_4_0	0
y_Boiler_8_4_1	0
y_Boiler_8_4_2	0
y_Boiler_8_4_3	0
y_Boiler_8_4_4	0
y_Boiler_8_4_5	0
y_HP_8_5_0	0
y_HP_8_5_1	0
y_HP_8_5_2	0
y_HP_8_5_3	0
y_HP_8_5_4	0
y_HP_8_5_5	0
y_CHP_8_5_0	0
y_CHP_8_5_1	0
y_CHP_8_5_2	0
y_CHP_8_5_3	0
y_CHP_8_5_4	0
y_Boiler_8_5_0	1
y_Boiler_8_5_1	0
y_Boiler_8_5_2	0
y_Boiler_8_5_3	0
y_Boiler_8_5_4	0
y_Boiler_8_5_5	0
y_HP_8_6_0	0
y_HP_8_6_1	0
y_HP_8_6_2	0
y_HP_8_6_3	0
y_HP_8_6_4	0
y_HP_8_6_5	0
y_CHP_8_6_0	0
y_CHP_8_6_1	0
y_CHP_8_6_2	0
y_CHP_8_6_3	0
y_CHP_8_6_4	0
y_Boiler_8_6_0	0
y_Boiler_8_6_1	0
y_Boiler_8_6_2	0
y_Boiler_8_6_3	0
y_Boiler_8_6_4	0
y_Boiler_8_6_5	0
y_HP_8_7_0	0
y_HP_8_7_1	0
y_HP_8_7_2	0
y_HP_8_7_3	0
y_HP_8_7_4	0
y_HP_8_7_5	0
y_CHP_8_7_0	0
y_CHP_8_7_1	0
y_CHP_8_7_2	0
y_CHP_8_7_3	0
y_CHP_8_7_4	0
y_Boiler_8_7_0	0
y_Boiler_8_7_1	0
y_Boiler_8_7_2	0
y_Boiler_8_7_3	0
y_Boiler_8_7_4	0
y_Boiler_8_7_5	0
y_HP_8_8_0	0
y_HP_8_8_1	0
y_HP_8_8_2	0
y_HP_8_8_3	0
y_HP_8_8_4	0
y_HP_8_8_5	0
y_CHP_8_8_0	0
y_CHP_8_8_1	0
y_CHP_8_8_2	0
y_CHP_8_8_3	0
y_CHP_8_8_4	0
y_Boiler_8_8_0	1
y_Boiler_8_8_1	0
y_Boiler_8_8_2	0
y_Boiler_8_8_3	0
y_Boiler_8_8_4	0
y_Boiler_8_8_5	0
y_HP_8_9_0	0
y_HP_8_9_1	0
y_HP_8_9_2	0
y_HP_8_9_3	0
y_HP_8_9_4	0
y_HP_8_9_5	0
y_CHP_8_9_0	0
y_CHP_8_9_1	0
y_CHP_8_9_2	0
y_CHP_8_9_3	0
y_CHP_8_9_4	0
y_Boiler_8_9_0	0
y_Boiler_8_9_1	0
y_Boiler_8_9_2	0
y_Boiler_8_9_3	0
y_Boiler_8_9_4	0
y_Boiler_8_9_5	0
y_HP_8_10_0	0
y_HP_8_10_1	0
y_HP_8_10_2	0
y_HP_8_10_3	0
y_HP_8_10_4	0
y_HP_8_10_5	0
y_CHP_8_10_0	0
y_CHP_8_10_1	0
y_CHP_8_10_2	0
y_CHP_8_10_3	0
y_CHP_8_10_4	0
y_Boiler_8_10_0	0
y_Boiler_8_10_1	0
y_Boiler_8_10_2	0
y_Boiler_8_10_3	0
y_Boiler_8_10_4	0
y_Boiler_8_10_5	0
y_HP_8_11_0	0
y_HP_8_11_1	0
y_HP_8_11_2	0
y_HP_8_11_3	0
y_HP_8_11_4	0
y_HP_8_11_5	0
y_CHP_8_11_0	0
y_CHP_8_11_1	0
y_CHP_8_11_2	0
y_CHP_8_11_3	0
y_CHP_8_11_4	0
y_Boiler_8_11_0	0
y_Boiler_8_11_1	0
y_Boiler_8_11_2	0
y_Boiler_8_11_3	0
y_Boiler_8_11_4	0
y_Boiler_8_11_5	0
y_HP_8_12_0	0
y_HP_8_12_1	0
y_HP_8_12_2	0
y_HP_8_12_3	0
y_HP_8_12_4	0
y_HP_8_12_5	0
y_CHP_8_12_0	0
y_CHP_8_12_1	0
y_CHP_8_12_2	0
y_CHP_8_12_3	0
y_CHP_8_12_4	0
y_Boiler_8_12_0	1
y_Boiler_8_12_1	0
y_Boiler_8_12_2	0
y_Boiler_8_12_3	0
y_Boiler_8_12_4	0
y_Boiler_8_12_5	0
y_HP_8_13_0	0
y_HP_8_13_1	0
y_HP_8_13_2	0
y_HP_8_13_3	0
y_HP_8_13_4	0
y_HP_8_13_5	0
y_CHP_8_13_0	0
y_CHP_8_13_1	0
y_CHP_8_13_2	0
y_CHP_8_13_3	0
y_CHP_8_13_4	0
y_Boiler_8_13_0	0
y_Boiler_8_13_1	0
y_Boiler_8_13_2	0
y_Boiler_8_13_3	0
y_Boiler_8_13_4	0
y_Boiler_8_13_5	0
y_HP_8_14_0	0
y_HP_8_14_1	0
y_HP_8_14_2	0
y_HP_8_14_3	0
y_HP_8_14_4	0
y_HP_8_14_5	0
y_CHP_8_14_0	0
y_CHP_8_14_1	0
y_CHP_8_14_2	0
y_CHP_8_14_3	0
y_CHP_8_14_4	0
y_Boiler_8_14_0	0
y_Boiler_8_14_1	0
y_Boiler_8_14_2	0
y_Boiler_8_14_3	0
y_Boiler_8_14_4	0
y_Boiler_8_14_5	0
y_HP_8_15_0	0
y_HP_8_15_1	0
y_HP_8_15_2	0
y_HP_8_15_3	0
y_HP_8_15_4	0
y_HP_8_15_5	0
y_CHP_8_15_0	0
y_CHP_8_15_1	0
y_CHP_8_15_2	0
y_CHP_8_15_3	0
y_CHP_8_15_4	0
y_Boiler_8_15_0	0
y_Boiler_8_15_1	0
y_Boiler_8_15_2	0
y_Boiler_8_15_3	0
y_Boiler_8_15_4	0
y_Boiler_8_15_5	0
y_HP_8_16_0	0
y_HP_8_16_1	0
y_HP_8_16_2	0
y_HP_8_16_3	0
y_HP_8_16_4	0
y_HP_8_16_5	0
y_CHP_8_16_0	0
y_CHP_8_16_1	0
y_CHP_8_16_2	0
y_CHP_8_16_3	0
y_CHP_8_16_4	0
y_Boiler_8_16_0	0
y_Boiler_8_16_1	0
y_Boiler_8_16_2	0
y_Boiler_8_16_3	0
y_Boiler_8_16_4	0
y_Boiler_8_16_5	0
y_HP_8_17_0	0
y_HP_8_17_1	0
y_HP_8_17_2	0
y_HP_8_17_3	0
y_HP_8_17_4	0
y_HP_8_17_5	0
y_CHP_8_17_0	0
y_CHP_8_17_1	0
y_CHP_8_17_2	0
y_CHP_8_17_3	0
y_CHP_8_17_4	0
y_Boiler_8_17_0	0
y_Boiler_8_17_1	0
y_Boiler_8_17_2	0
y_Boiler_8_17_3	0
y_Boiler_8_17_4	0
y_Boiler_8_17_5	0
y_HP_8_18_0	0
y_HP_8_18_1	0
y_HP_8_18_2	0
y_HP_8_18_3	0
y_HP_8_18_4	0
y_HP_8_18_5	0
y_CHP_8_18_0	0
y_CHP_8_18_1	0
y_CHP_8_18_2	0
y_CHP_8_18_3	0
y_CHP_8_18_4	0
y_Boiler_8_18_0	0
y_Boiler_8_18_1	0
y_Boiler_8_18_2	0
y_Boiler_8_18_3	0
y_Boiler_8_18_4	0
y_Boiler_8_18_5	0
y_HP_8_19_0	0
y_HP_8_19_1	0
y_HP_8_19_2	0
y_HP_8_19_3	0
y_HP_8_19_4	0
y_HP_8_19_5	0
y_CHP_8_19_0	0
y_CHP_8_19_1	0
y_CHP_8_19_2	0
y_CHP_8_19_3	0
y_CHP_8_19_4	0
y_Boiler_8_19_0	0
y_Boiler_8_19_1	0
y_Boiler_8_19_2	0
y_Boiler_8_19_3	0
y_Boiler_8_19_4	0
y_Boiler_8_19_5	0
y_HP_8_20_0	0
y_HP_8_20_1	0
y_HP_8_20_2	0
y_HP_8_20_3	0
y_HP_8_20_4	0
y_HP_8_20_5	0
y_CHP_8_20_0	0
y_CHP_8_20_1	0
y_CHP_8_20_2	0
y_CHP_8_20_3	0
y_CHP_8_20_4	0
y_Boiler_8_20_0	0
y_Boiler_8_20_1	0
y_Boiler_8_20_2	0
y_Boiler_8_20_3	0
y_Boiler_8_20_4	0
y_Boiler_8_20_5	0
y_HP_8_21_0	0
y_HP_8_21_1	0
y_HP_8_21_2	0
y_HP_8_21_3	0
y_HP_8_21_4	0
y_HP_8_21_5	0
y_CHP_8_21_0	0
y_CHP_8_21_1	0
y_CHP_8_21_2	0
y_CHP_8_21_3	0
y_CHP_8_21_4	0
y_Boiler_8_21_0	0
y_Boiler_8_21_1	0
y_Boiler_8_21_2	0
y_Boiler_8_21_3	0
y_Boiler_8_21_4	0
y_Boiler_8_21_5	0
y_HP_8_22_0	0
y_HP_8_22_1	0
y_HP_8_22_2	0
y_HP_8_22_3	0
y_HP_8_22_4	0
y_HP_8_22_5	0
y_CHP_8_22_0	0
y_CHP_8_22_1	0
y_CHP_8_22_2	0
y_CHP_8_22_3	0
y_CHP_8_22_4	0
y_Boiler_8_22_0	0
y_Boiler_8_22_1	0
y_Boiler_8_22_2	0
y_Boiler_8_22_3	0
y_Boiler_8_22_4	0
y_Boiler_8_22_5	0
y_HP_8_23_0	0
y_HP_8_23_1	0
y_HP_8_23_2	0
y_HP_8_23_3	0
y_HP_8_23_4	0
y_HP_8_23_5	0
y_CHP_8_23_0	0
y_CHP_8_23_1	0
y_CHP_8_23_2	0
y_CHP_8_23_3	0
y_CHP_8_23_4	0
y_Boiler_8_23_0	0
y_Boiler_8_23_1	0
y_Boiler_8_23_2	0
y_Boiler_8_23_3	0
y_Boiler_8_23_4	0
y_Boiler_8_23_5	0
y_HP_9_0_0	0
y_HP_9_0_1	0
y_HP_9_0_2	0
y_HP_9_0_3	0
y_HP_9_0_4	0
y_HP_9_0_5	0
y_CHP_9_0_0	0
y_CHP_9_0_1	0
y_CHP_9_0_2	0
y_CHP_9_0_3	0
y_CHP_9_0_4	0
y_Boiler_9_0_0	1
y_Boiler_9_0_1	0
y_Boiler_9_0_2	0
y_Boiler_9_0_3	0
y_Boiler_9_0_4	0
y_Boiler_9_0_5	0
y_HP_9_1_0	0
y_HP_9_1_1	0
y_HP_9_1_2	0
y_HP_9_1_3	0
y_HP_9_1_4	0
y_HP_9_1_5	0
y_CHP_9_1_0	0
y_CHP_9_1_1	0
y_CHP_9_1_2	0
y_CHP_9_1_3	0
y_CHP_9_1_4	0
y_Boiler_9_1_0	0
y_Boiler_9_1_1	0
y_Boiler_9_1_2	0
y_Boiler_9_1_3	0
y_Boiler_9_1_4	0
y_Boiler_9_1_5	0
y_HP_9_2_0	0
y_HP_9_2_1	0
y_HP_9_2_2	0
y_HP_9_2_3	0
y_HP_9_2_4	0
y_HP_9_2_5	0
y_CHP_9_2_0	0
y_CHP_9_2_1	0
y_CHP_9_2_2	0
y_CHP_9_2_3	0
y_CHP_9_2_4	0
y_Boiler_9_2_0	0
y_Boiler_9_2_1	0
y_Boiler_9_2_2	0
y_Boiler_9_2_3	0
y_Boiler_9_2_4	0
y_Boiler_9_2_5	0
y_HP_9_3_0	0
y_HP_9_3_1	0
y_HP_9_3_2	0
y_HP_9_3_3	0
y_HP_9_3_4	0
y_HP_9_3_5	0
y_CHP_9_3_0	0
y_CHP_9_3_1	0
y_CHP_9_3_2	0
y_CHP_9_3_3	0
y_CHP_9_3_4	0
y_Boiler_9_3_0	1
y_Boiler_9_3_1	0
y_Boiler_9_3_2	0
y_Boiler_9_3_3	0
y_Boiler_9_3_4	0
y_Boiler_9_3_5	0
y_HP_9_4_0	0
y_HP_9_4_1	0
y_HP_9_4_2	0
y_HP_9_4_3	0
y_HP_9_4_4	0
y_HP_9_4_5	0
y_CHP_9_4_0	0
y_CHP_9_4_1	0
y_CHP_9_4_2	0
y_CHP_9_4_3	0
y_CHP_9_4_4	0
y_Boiler_9_4_0	0
y_Boiler_9_4_1	0
y_Boiler_9_4_2	0
y_Boiler_9_4_3	0
y_Boiler_9_4_4	0
y_Boiler_9_4_5	0
y_HP_9_5_0	0
y_HP_9_5_1	0
y_HP_9_5_2	0
y_HP_9_5_3	0
y_HP_9_5_4	0
y_HP_9_5_5	0
y_CHP_9_5_0	0
y_CHP_9_5_1	0
y_CHP_9_5_2	0
y_CHP_9_5_3	0
y_CHP_9_5_4	0
y_Boiler_9_5_0	0
y_Boiler_9_5_1	0
y_Boiler_9_5_2	0
y_Boiler_9_5_3	0
y_Boiler_9_5_4	0
y_Boiler_9_5_5	0
y_HP_9_6_0	0
y_HP_9_6_1	0
y_HP_9_6_2	0
y_HP_9_6_3	0
y_HP_9_6_4	0
y_HP_9_6_5	0
y_CHP_9_6_0	0
y_CHP_9_6_1	0
y_CHP_9_6_2	0
y_CHP_9_6_3	0
y_CHP_9_6_4	0
y_Boiler_9_6_0	1
y_Boiler_9_6_1	0
y_Boiler_9_6_2	0
y_Boiler_9_6_3	0
y_Boiler_9_6_4	0
y_Boiler_9_6_5	0
y_HP_9_7_0	0
y_HP_9_7_1	0
y_HP_9_7_2	0
y_HP_9_7_3	0
y_HP_9_7_4	0
y_HP_9_7_5	0
y_CHP_9_7_0	0
y_CHP_9_7_1	0
y_CHP_9_7_2	0
y_CHP_9_7_3	0
y_CHP_9_7_4	0
y_Boiler_9_7_0	0
y_Boiler_9_7_1	0
y_Boiler_9_7_2	0
y_Boiler_9_7_3	0
y_Boiler_9_7_4	0
y_Boiler_9_7_5	0
y_HP_9_8_0	0
y_HP_9_8_1	0
y_HP_9_8_2	0
y_HP_9_8_3	0
y_HP_9_8_4	0
y_HP_9_8_5	0
y_CHP_9_8_0	0
y_CHP_9_8_1	0
y_CHP_9_8_2	0
y_CHP_9_8_3	0
y_CHP_9_8_4	0
y_Boiler_9_8_0	1
y_Boiler_9_8_1	0
y_Boiler_9_8_2	0
y_Boiler_9_8_3	0
y_Boiler_9_8_4	0
y_Boiler_9_8_5	0
y_HP_9_9_0	0
y_HP_9_9_1	0
y_HP_9_9_2	0
y_HP_9_9_3	0
y_HP_9_9_4	0
y_HP_9_9_5	0
y_CHP_9_9_0	0
y_CHP_9_9_1	0
y_CHP_9_9_2	0
y_CHP_9_9_3	0
y_CHP_9_9_4	0
y_Boiler_9_9_0	0
y_Boiler_9_9_1	0
y_Boiler_9_9_2	0
y_Boiler_9_9_3	0
y_Boiler_9_9_4	0
y_Boiler_9_9_5	0
y_HP_9_10_0	0
y_HP_9_10_1	0
y_HP_9_10_2	0
y_HP_9_10_3	0
y_HP_9_10_4	0
y_HP_9_10_5	0
y_CHP_9_10_0	0
y_CHP_9_10_1	0
y_CHP_9_10_2	0
y_CHP_9_10_3	0
y_CHP_9_10_4	0
y_Boiler_9_10_0	0
y_Boiler_9_10_1	0
y_Boiler_9_10_2	0
y_Boiler_9_10_3	0
y_Boiler_9_10_4	0
y_Boiler_9_10_5	0
y_HP_9_11_0	0
y_HP_9_11_1	0
y_HP_9_11_2	0
y_HP_9_11_3	0
y_HP_9_11_4	0
y_HP_9_11_5	0
y_CHP_9_11_0	0
y_CHP_9_11_1	0
y_CHP_9_11_2	0
y_CHP_9_11_3	0
y_CHP_9_11_4	0
y_Boiler_9_11_0	1
y_Boiler_9_11_1	0
y_Boiler_9_11_2	0
y_Boiler_9_11_3	0
y_Boiler_9_11_4	0
y_Boiler_9_11_5	0
y_HP_9_12_0	0
y_HP_9_12_1	0
y_HP_9_12_2	0
y_HP_9_12_3	0
y_HP_9_12_4	0
y_HP_9_12_5	0
y_CHP_9_12_0	0
y_CHP_9_12_1	0
y_CHP_9_12_2	0
y_CHP_9_12_3	0
y_CHP_9_12_4	0
y_Boiler_9_12_0	0
y_Boiler_9_12_1	0
y_Boiler_9_12_2	0
y_Boiler_9_12_3	0
y_Boiler_9_12_4	0
y_Boiler_9_12_5	0
y_HP_9_13_0	0
y_HP_9_13_1	0
y_HP_9_13_2	0
y_HP_9_13_3	0
y_HP_9_13_4	0
y_HP_9_13_5	0
y_CHP_9_13_0	0
y_CHP_9_13_1	0
y_CHP_9_13_2	0
y_CHP_9_13_3	0
y_CHP_9_13_4	0
y_Boiler_9_13_0	0
y_Boiler_9_13_1	0
y_Boiler_9_13_2	0
y_Boiler_9_13_3	0
y_Boiler_9_13_4	0
y_Boiler_9_13_5	0
y_HP_9_14_0	0
y_HP_9_14_1	0
y_HP_9_14_2	0
y_HP_9_14_3	0
y_HP_9_14_4	0
y_HP_9_14_5	0
y_CHP_9_14_0	0
y_CHP_9_14_1	0
y_CHP_9_14_2	0
y_CHP_9_14_3	0
y_CHP_9_14_4	0
y_Boiler_9_14_0	0
y_Boiler_9_14_1	0
y_Boiler_9_14_2	0
y_Boiler_9_14_3	0
y_Boiler_9_14_4	0
y_Boiler_9_14_5	0
y_HP_9_15_0	0
y_HP_9_15_1	0
y_HP_9_15_2	0
y_HP_9_15_3	0
y_HP_9_15_4	0
y_HP_9_15_5	0
y_CHP_9_15_0	0
y_CHP_9_15_1	0
y_CHP_9_15_2	0
y_CHP_9_15_3	0
y_CHP_9_15_4	0
y_Boiler_9_15_0	0
y_Boiler_9_15_1	0
y_Boiler_9_15_2	0
y_Boiler_9_15_3	0
y_Boiler_9_15_4	0
y_Boiler_9_15_5	0
y_HP_9_16_0	0
y_HP_9_16_1	0
y_HP_9_16_2	0
y_HP_9_16_3	0
y_HP_9_16_4	0
y_HP_9_16_5	0
y_CHP_9_16_0	0
y_CHP_9_16_1	0
y_CHP_9_16_2	0
y_CHP_9_16_3	0
y_CHP_9_16_4	0
y_Boiler_9_16_0	0
y_Boiler_9_16_1	0
y_Boiler_9_16_2	0
y_Boiler_9_16_3	0
y_Boiler_9_16_4	0
y_Boiler_9_16_5	0
y_HP_9_17_0	0
y_HP_9_17_1	0
y_HP_9_17_2	0
y_HP_9_17_3	0
y_HP_9_17_4	0
y_HP_9_17_5	0
y_CHP_9_17_0	0
y_CHP_9_17_1	0
y_CHP_9_17_2	0
y_CHP_9_17_3	0
y_CHP_9_17_4	0
y_Boiler_9_17_0	0
y_Boiler_9_17_1	0
y_Boiler_9_17_2	0
y_Boiler_9_17_3	0
y_Boiler_9_17_4	0
y_Boiler_9_17_5	0
y_HP_9_18_0	0
y_HP_9_18_1	0
y_HP_9_18_2	0
y_HP_9_18_3	0
y_HP_9_18_4	0
y_HP_9_18_5	0
y_CHP_9_18_0	0
y_CHP_9_18_1	0
y_CHP_9_18_2	0
y_CHP_9_18_3	0
y_CHP_9_18_4	0
y_Boiler_9_18_0	0
y_Boiler_9_18_1	0
y_Boiler_9_18_2	0
y_Boiler_9_18_3	0
y_Boiler_9_18_4	0
y_Boiler_9_18_5	0
y_HP_9_19_0	0
y_HP_9_19_1	0
y_HP_9_19_2	0
y_HP_9_19_3	0
y_HP_9_19_4	0
y_HP_9_19_5	0
y_CHP_9_19_0	0
y_CHP_9_19_1	0
y_CHP_9_19_2	0
y_CHP_9_19_3	0
y_CHP_9_19_4	0
y_Boiler_9_19_0	0
y_Boiler_9_19_1	0
y_Boiler_9_19_2	0
y_Boiler_9_19_3	0
y_Boiler_9_19_4	0
y_Boiler_9_19_5	0
y_HP_9_20_0	0
y_HP_9_20_1	0
y_HP_9_20_2	0
y_HP_9_20_3	0
y_HP_9_20_4	0
y_HP_9_20_5	0
y_CHP_9_20_0	0
y_CHP_9_20_1	0
y_CHP_9_20_2	0
y_CHP_9_20_3	0
y_CHP_9_20_4	0
y_Boiler_9_20_0	1
y_Boiler_9_20_1	0
y_Boiler_9_20_2	0
y_Boiler_9_20_3	0
y_Boiler_9_20_4	0
y_Boiler_9_20_5	0
y_HP_9_21_0	0
y_HP_9_21_1	0
y_HP_9_21_2	0
y_HP_9_21_3	0
y_HP_9_21_4	0
y_HP_9_21_5	0
y_CHP_9_21_0	0
y_CHP_9_21_1	0
y_CHP_9_21_2	0
y_CHP_9_21_3	0
y_CHP_9_21_4	0
y_Boiler_9_21_0	0
y_Boiler_9_21_1	0
y_Boiler_9_21_2	0
y_Boiler_9_21_3	0
y_Boiler_9_21_4	0
y_Boiler_9_21_5	0
y_HP_9_22_0	0
y_HP_9_22_1	0
y_HP_9_22_2	0
y_HP_9_22_3	0
y_HP_9_22_4	0
y_HP_9_22_5	0
y_CHP_9_22_0	0
y_CHP_9_22_1	0
y_CHP_9_22_2	0
y_CHP_9_22_3	0
y_CHP_9_22_4	0
y_Boiler_9_22_0	0
y_Boiler_9_22_1	0
y_Boiler_9_22_2	0
y_Boiler_9_22_3	0
y_Boiler_9_22_4	0
y_Boiler_9_22_5	0
y_HP_9_23_0	0
y_HP_9_23_1	0
y_HP_9_23_2	0
y_HP_9_23_3	0
y_HP_9_23_4	0
y_HP_9_23_5	0
y_CHP_9_23_0	0
y_CHP_9_23_1	0
y_CHP_9_23_2	0
y_CHP_9_23_3	0
y_CHP_9_23_4	0
y_Boiler_9_23_0	0
y_Boiler_9_23_1	0
y_Boiler_9_23_2	0
y_Boiler_9_23_3	0
y_Boiler_9_23_4	0
y_Boiler_9_23_5	0
y_HP_10_0_0	0
y_HP_10_0_1	0
y_HP_10_0_2	0
y_HP_10_0_3	0
y_HP_10_0_4	0
y_HP_10_0_5	0
y_CHP_10_0_0	0
y_CHP_10_0_1	0
y_CHP_10_0_2	0
y_CHP_10_0_3	0
y_CHP_10_0_4	0
y_Boiler_10_0_0	1
y_Boiler_10_0_1	0
y_Boiler_10_0_2	0
y_Boiler_10_0_3	0
y_Boiler_10_0_4	0
y_Boiler_10_0_5	0
y_HP_10_1_0	0
y_HP_10_1_1	0
y_HP_10_1_2	0
y_HP_10_1_3	0
y_HP_10_1_4	0
y_HP_10_1_5	0
y_CHP_10_1_0	0
y_CHP_10_1_1	0
y_CHP_10_1_2	0
y_CHP_10_1_3	0
y_CHP_10_1_4	0
y_Boiler_10_1_0	0
y_Boiler_10_1_1	0
y_Boiler_10_1_2	0
y_Boiler_10_1_3	0
y_Boiler_10_1_4	0
y_Boiler_10_1_5	0
y_HP_10_2_0	0
y_HP_10_2_1	0
y_HP_10_2_2	0
y_HP_10_2_3	0
y_HP_10_2_4	0
y_HP_10_2_5	0
y_CHP_10_2_0	0
y_CHP_10_2_1	0
y_CHP_10_2_2	0
y_CHP_10_2_3	0
y_CHP_10_2_4	0
y_Boiler_10_2_0	0
y_Boiler_10_2_1	0
y_Boiler_10_2_2	0
y_Boiler_10_2_3	0
y_Boiler_10_2_4	0
y_Boiler_10_2_5	0
y_HP_10_3_0	0
y_HP_10_3_1	0
y_HP_10_3_2	0
y_HP_10_3_3	0
y_HP_10_3_4	0
y_HP_10_3_5	0
y_CHP_10_3_0	0
y_CHP_10_3_1	0
y_CHP_10_3_2	0
y_CHP_10_3_3	0
y_CHP_10_3_4	0
y_Boiler_10_3_0	1
y_Boiler_10_3_1	0
y_Boiler_10_3_2	0
y_Boiler_10_3_3	0
y_Boiler_10_3_4	0
y_Boiler_10_3_5	0
y_HP_10_4_0	0
y_HP_10_4_1	0
y_HP_10_4_2	0
y_HP_10_4_3	0
y_HP_10_4_4	0
y_HP_10_4_5	0
y_CHP_10_4_0	0
y_CHP_10_4_1	0
y_CHP_10_4_2	0
y_CHP_10_4_3	0
y_CHP_10_4_4	0
y_Boiler_10_4_0	0
y_Boiler_10_4_1	0
y_Boiler_10_4_2	0
y_Boiler_10_4_3	0
y_Boiler_10_4_4	0
y_Boiler_10_4_5	0
y_HP_10_5_0	0
y_HP_10_5_1	0
y_HP_10_5_2	0
y_HP_10_5_3	0
y_HP_10_5_4	0
y_HP_10_5_5	0
y_CHP_10_5_0	0
y_CHP_10_5_1	0
y_CHP_10_5_2	0
y_CHP_10_5_3	0
y_CHP_10_5_4	0
y_Boiler_10_5_0	1
y_Boiler_10_5_1	0
y_Boiler_10_5_2	0
y_Boiler_10_5_3	0
y_Boiler_10_5_4	0
y_Boiler_10_5_5	0
y_HP_10_6_0	0
y_HP_10_6_1	0
y_HP_10_6_2	0
y_HP_10_6_3	0
y_HP_10_6_4	0
y_HP_10_6_5	0
y_CHP_10_6_0	0
y_CHP_10_6_1	0
y_CHP_10_6_2	0
y_CHP_10_6_3	0
y_CHP_10_6_4	0
y_Boiler_10_6_0	0
y_Boiler_10_6_1	0
y_Boiler_10_6_2	0
y_Boiler_10_6_3	0
y_Boiler_10_6_4	0
y_Boiler_10_6_5	0
y_HP_10_7_0	0
y_HP_10_7_1	0
y_HP_10_7_2	0
y_HP_10_7_3	0
y_HP_10_7_4	0
y_HP_10_7_5	0
y_CHP_10_7_0	0
y_CHP_10_7_1	0
y_CHP_10_7_2	0
y_CHP_10_7_3	0
y_CHP_10_7_4	0
y_Boiler_10_7_0	1
y_Boiler_10_7_1	0
y_Boiler_10_7_2	0
y_Boiler_10_7_3	0
y_Boiler_10_7_4	0
y_Boiler_10_7_5	0
y_HP_10_8_0	0
y_HP_10_8_1	0
y_HP_10_8_2	0
y_HP_10_8_3	0
y_HP_10_8_4	0
y_HP_10_8_5	0
y_CHP_10_8_0	0
y_CHP_10_8_1	0
y_CHP_10_8_2	0
y_CHP_10_8_3	0
y_CHP_10_8_4	0
y_Boiler_10_8_0	0
y_Boiler_10_8_1	0
y_Boiler_10_8_2	0
y_Boiler_10_8_3	0
y_Boiler_10_8_4	0
y_Boiler_10_8_5	0
y_HP_10_9_0	0
y_HP_10_9_1	0
y_HP_10_9_2	0
y_HP_10_9_3	0
y_HP_10_9_4	0
y_HP_10_9_5	0
y_CHP_10_9_0	0
y_CHP_10_9_1	0
y_CHP_10_9_2	0
y_CHP_10_9_3	0
y_CHP_10_9_4	0
y_Boiler_10_9_0	1
y_Boiler_10_9_1	0
y_Boiler_10_9_2	0
y_Boiler_10_9_3	0
y_Boiler_10_9_4	0
y_Boiler_10_9_5	0
y_HP_10_10_0	0
y_HP_10_10_1	0
y_HP_10_10_2	0
y_HP_10_10_3	0
y_HP_10_10_4	0
y_HP_10_10_5	0
y_CHP_10_10_0	0
y_CHP_10_10_1	0
y_CHP_10_10_2	0
y_CHP_10_10_3	0
y_CHP_10_10_4	0
y_Boiler_10_10_0	0
y_Boiler_10_10_1	0
y_Boiler_10_10_2	0
y_Boiler_10_10_3	0
y_Boiler_10_10_4	0
y_Boiler_10_10_5	0
y_HP_10_11_0	0
y_HP_10_11_1	0
y_HP_10_11_2	0
y_HP_10_11_3	0
y_HP_10_11_4	0
y_HP_10_11_5	0
y_CHP_10_11_0	0
y_CHP_10_11_1	0
y_CHP_10_11_2	0
y_CHP_10_11_3	0
y_CHP_10_11_4	0
y_Boiler_10_11_0	1
y_Boiler_10_11_1	0
y_Boiler_10_11_2	0
y_Boiler_10_11_3	0
y_Boiler_10_11_4	0
y_Boiler_10_11_5	0
y_HP_10_12_0	0
y_HP_10_12_1	0
y_HP_10_12_2	0
y_HP_10_12_3	0
y_HP_10_12_4	0
y_HP_10_12_5	0
y_CHP_10_12_0	0
y_CHP_10_12_1	0
y_CHP_10_12_2	0
y_CHP_10_12_3	0
y_CHP_10_12_4	0
y_Boiler_10_12_0	0
y_Boiler_10_12_1	0
y_Boiler_10_12_2	0
y_Boiler_10_12_3	0
y_Boiler_10_12_4	0
y_Boiler_10_12_5	0
y_HP_10_13_0	0
y_HP_10_13_1	0
y_HP_10_13_2	0
y_HP_10_13_3	0
y_HP_10_13_4	0
y_HP_10_13_5	0
y_CHP_10_13_0	0
y_CHP_10_13_1	0
y_CHP_10_13_2	0
y_CHP_10_13_3	0
y_CHP_10_13_4	0
y_Boiler_10_13_0	1
y_Boiler_10_13_1	0
y_Boiler_10_13_2	0
y_Boiler_10_13_3	0
y_Boiler_10_13_4	0
y_Boiler_10_13_5	0
y_HP_10_14_0	0
y_HP_10_14_1	0
y_HP_10_14_2	0
y_HP_10_14_3	0
y_HP_10_14_4	0
y_HP_10_14_5	0
y_CHP_10_14_0	0
y_CHP_10_14_1	0
y_CHP_10_14_2	0
y_CHP_10_14_3	0
y_CHP_10_14_4	0
y_Boiler_10_14_0	0
y_Boiler_10_14_1	0
y_Boiler_10_14_2	0
y_Boiler_10_14_3	0
y_Boiler_10_14_4	0
y_Boiler_10_14_5	0
y_HP_10_15_0	0
y_HP_10_15_1	0
y_HP_10_15_2	0
y_HP_10_15_3	0
y_HP_10_15_4	0
y_HP_10_15_5	0
y_CHP_10_15_0	0
y_CHP_10_15_1	0
y_CHP_10_15_2	0
y_CHP_10_15_3	0
y_CHP_10_15_4	0
y_Boiler_10_15_0	1
y_Boiler_10_15_1	0
y_Boiler_10_15_2	0
y_Boiler_10_15_3	0
y_Boiler_10_15_4	0
y_Boiler_10_15_5	0
y_HP_10_16_0	0
y_HP_10_16_1	0
y_HP_10_16_2	0
y_HP_10_16_3	0
y_HP_10_16_4	0
y_HP_10_16_5	0
y_CHP_10_16_0	0
y_CHP_10_16_1	0
y_CHP_10_16_2	0
y_CHP_10_16_3	0
y_CHP_10_16_4	0
y_Boiler_10_16_0	0
y_Boiler_10_16_1	0
y_Boiler_10_16_2	0
y_Boiler_10_16_3	0
y_Boiler_10_16_4	0
y_Boiler_10_16_5	0
y_HP_10_17_0	0
y_HP_10_17_1	0
y_HP_10_17_2	0
y_HP_10_17_3	0
y_HP_10_17_4	0
y_HP_10_17_5	0
y_CHP_10_17_0	0
y_CHP_10_17_1	0
y_CHP_10_17_2	0
y_CHP_10_17_3	0
y_CHP_10_17_4	0
y_Boiler_10_17_0	1
y_Boiler_10_17_1	0
y_Boiler_10_17_2	0
y_Boiler_10_17_3	0
y_Boiler_10_17_4	0
y_Boiler_10_17_5	0
y_HP_10_18_0	0
y_HP_10_18_1	0
y_HP_10_18_2	0
y_HP_10_18_3	0
y_HP_10_18_4	0
y_HP_10_18_5	0
y_CHP_10_18_0	0
y_CHP_10_18_1	0
y_CHP_10_18_2	0
y_CHP_10_18_3	0
y_CHP_10_18_4	0
y_Boiler_10_18_0	0
y_Boiler_10_18_1	0
y_Boiler_10_18_2	0
y_Boiler_10_18_3	0
y_Boiler_10_18_4	0
y_Boiler_10_18_5	0
y_HP_10_19_0	0
y_HP_10_19_1	0
y_HP_10_19_2	0
y_HP_10_19_3	0
y_HP_10_19_4	0
y_HP_10_19_5	0
y_CHP_10_19_0	0
y_CHP_10_19_1	0
y_CHP_10_19_2	0
y_CHP_10_19_3	0
y_CHP_10_19_4	0
y_Boiler_10_19_0	1
y_Boiler_10_19_1	0
y_Boiler_10_19_2	0
y_Boiler_10_19_3	0
y_Boiler_10_19_4	0
y_Boiler_10_19_5	0
y_HP_10_20_0	0
y_HP_10_20_1	0
y_HP_10_20_2	0
y_HP_10_20_3	0
y_HP_10_20_4	0
y_HP_10_20_5	0
y_CHP_10_20_0	0
y_CHP_10_20_1	0
y_CHP_10_20_2	0
y_CHP_10_20_3	0
y_CHP_10_20_4	0
y_Boiler_10_20_0	0
y_Boiler_10_20_1	0
y_Boiler_10_20_2	0
y_Boiler_10_20_3	0
y_Boiler_10_20_4	0
y_Boiler_10_20_5	0
y_HP_10_21_0	0
y_HP_10_21_1	0
y_HP_10_21_2	0
y_HP_10_21_3	0
y_HP_10_21_4	0
y_HP_10_21_5	0
y_CHP_10_21_0	0
y_CHP_10_21_1	0
y_CHP_10_21_2	0
y_CHP_10_21_3	0
y_CHP_10_21_4	0
y_Boiler_10_21_0	1
y_Boiler_10_21_1	0
y_Boiler_10_21_2	0
y_Boiler_10_21_3	0
y_Boiler_10_21_4	0
y_Boiler_10_21_5	0
y_HP_10_22_0	0
y_HP_10_22_1	0
y_HP_10_22_2	0
y_HP_10_22_3	0
y_HP_10_22_4	0
y_HP_10_22_5	0
y_CHP_10_22_0	0
y_CHP_10_22_1	0
y_CHP_10_22_2	0
y_CHP_10_22_3	0
y_CHP_10_22_4	0
y_Boiler_10_22_0	1
y_Boiler_10_22_1	0
y_Boiler_10_22_2	0
y_Boiler_10_22_3	0
y_Boiler_10_22_4	0
y_Boiler_10_22_5	0
y_HP_10_23_0	0
y_HP_10_23_1	0
y_HP_10_23_2	0
y_HP_10_23_3	0
y_HP_10_23_4	0
y_HP_10_23_5	0
y_CHP_10_23_0	0
y_CHP_10_23_1	0
y_CHP_10_23_2	0
y_CHP_10_23_3	0
y_CHP_10_23_4	0
y_Boiler_10_23_0	0
y_Boiler_10_23_1	0
y_Boiler_10_23_2	0
y_Boiler_10_23_3	0
y_Boiler_10_23_4	0
y_Boiler_10_23_5	0
y_HP_11_0_0	0
y_HP_11_0_1	0
y_HP_11_0_2	0
y_HP_11_0_3	0
y_HP_11_0_4	0
y_HP_11_0_5	0
y_CHP_11_0_0	0
y_CHP_11_0_1	0
y_CHP_11_0_2	0
y_CHP_11_0_3	0
y_CHP_11_0_4	0
y_Boiler_11_0_0	1
y_Boiler_11_0_1	0
y_Boiler_11_0_2	0
y_Boiler_11_0_3	0
y_Boiler_11_0_4	0
y_Boiler_11_0_5	0
y_HP_11_1_0	0
y_HP_11_1_1	0
y_HP_11_1_2	0
y_HP_11_1_3	0
y_HP_11_1_4	0
y_HP_11_1_5	0
y_CHP_11_1_0	0
y_CHP_11_1_1	0
y_CHP_11_1_2	0
y_CHP_11_1_3	0
y_CHP_11_1_4	0
y_Boiler_11_1_0	0
y_Boiler_11_1_1	0
y_Boiler_11_1_2	0
y_Boiler_11_1_3	0
y_Boiler_11_1_4	0
y_Boiler_11_1_5	0
y_HP_11_2_0	0
y_HP_11_2_1	0
y_HP_11_2_2	0
y_HP_11_2_3	0
y_HP_11_2_4	0
y_HP_11_2_5	0
y_CHP_11_2_0	0
y_CHP_11_2_1	0
y_CHP_11_2_2	0
y_CHP_11_2_3	0
y_CHP_11_2_4	0
y_Boiler_11_2_0	0
y_Boiler_11_2_1	0
y_Boiler_11_2_2	0
y_Boiler_11_2_3	0
y_Boiler_11_2_4	0
y_Boiler_11_2_5	0
y_HP_11_3_0	0
y_HP_11_3_1	0
y_HP_11_3_2	0
y_HP_11_3_3	0
y_HP_11_3_4	0
y_HP_11_3_5	0
y_CHP_11_3_0	0
y_CHP_11_3_1	0
y_CHP_11_3_2	0
y_CHP_11_3_3	0
y_CHP_11_3_4	0
y_Boiler_11_3_0	1
y_Boiler_11_3_1	0
y_Boiler_11_3_2	0
y_Boiler_11_3_3	0
y_Boiler_11_3_4	0
y_Boiler_11_3_5	0
y_HP_11_4_0	0
y_HP_11_4_1	0
y_HP_11_4_2	0
y_HP_11_4_3	0
y_HP_11_4_4	0
y_HP_11_4_5	0
y_CHP_11_4_0	0
y_CHP_11_4_1	0
y_CHP_11_4_2	0
y_CHP_11_4_3	0
y_CHP_11_4_4	0
y_Boiler_11_4_0	0
y_Boiler_11_4_1	0
y_Boiler_11_4_2	0
y_Boiler_11_4_3	0
y_Boiler_11_4_4	0
y_Boiler_11_4_5	0
y_HP_11_5_0	0
y_HP_11_5_1	0
y_HP_11_5_2	0
y_HP_11_5_3	0
y_HP_11_5_4	0
y_HP_11_5_5	0
y_CHP_11_5_0	0
y_CHP_11_5_1	0
y_CHP_11_5_2	0
y_CHP_11_5_3	0
y_CHP_11_5_4	0
y_Boiler_11_5_0	1
y_Boiler_11_5_1	0
y_Boiler_11_5_2	0
y_Boiler_11_5_3	0
y_Boiler_11_5_4	0
y_Boiler_11_5_5	0
y_HP_11_6_0	0
y_HP_11_6_1	0
y_HP_11_6_2	0
y_HP_11_6_3	0
y_HP_11_6_4	0
y_HP_11_6_5	0
y_CHP_11_6_0	0
y_CHP_11_6_1	0
y_CHP_11_6_2	0
y_CHP_11_6_3	0
y_CHP_11_6_4	0
y_Boiler_11_6_0	0
y_Boiler_11_6_1	0
y_Boiler_11_6_2	0
y_Boiler_11_6_3	0
y_Boiler_11_6_4	0
y_Boiler_11_6_5	0
y_HP_11_7_0	0
y_HP_11_7_1	0
y_HP_11_7_2	0
y_HP_11_7_3	0
y_HP_11_7_4	0
y_HP_11_7_5	0
y_CHP_11_7_0	0
y_CHP_11_7_1	0
y_CHP_11_7_2	0
y_CHP_11_7_3	0
y_CHP_11_7_4	0
y_Boiler_11_7_0	1
y_Boiler_11_7_1	0
y_Boiler_11_7_2	0
y_Boiler_11_7_3	0
y_Boiler_11_7_4	0
y_Boiler_11_7_5	0
y_HP_11_8_0	0
y_HP_11_8_1	0
y_HP_11_8_2	0
y_HP_11_8_3	0
y_HP_11_8_4	0
y_HP_11_8_5	0
y_CHP_11_8_0	0
y_CHP_11_8_1	0
y_CHP_11_8_2	0
y_CHP_11_8_3	0
y_CHP_11_8_4	0
y_Boiler_11_8_0	1
y_Boiler_11_8_1	0
y_Boiler_11_8_2	0
y_Boiler_11_8_3	0
y_Boiler_11_8_4	0
y_Boiler_11_8_5	0
y_HP_11_9_0	0
y_HP_11_9_1	0
y_HP_11_9_2	0
y_HP_11_9_3	0
y_HP_11_9_4	0
y_HP_11_9_5	0
y_CHP_11_9_0	0
y_CHP_11_9_1	0
y_CHP_11_9_2	0
y_CHP_11_9_3	0
y_CHP_11_9_4	0
y_Boiler_11_9_0	0
y_Boiler_11_9_1	0
y_Boiler_11_9_2	0
y_Boiler_11_9_3	0
y_Boiler_11_9_4	0
y_Boiler_11_9_5	0
y_HP_11_10_0	0
y_HP_11_10_1	0
y_HP_11_10_2	0
y_HP_11_10_3	0
y_HP_11_10_4	0
y_HP_11_10_5	0
y_CHP_11_10_0	0
y_CHP_11_10_1	0
y_CHP_11_10_2	0
y_CHP_11_10_3	0
y_CHP_11_10_4	0
y_Boiler_11_10_0	1
y_Boiler_11_10_1	0
y_Boiler_11_10_2	0
y_Boiler_11_10_3	0
y_Boiler_11_10_4	0
y_Boiler_11_10_5	0
y_HP_11_11_0	0
y_HP_11_11_1	0
y_HP_11_11_2	0
y_HP_11_11_3	0
y_HP_11_11_4	0
y_HP_11_11_5	0
y_CHP_11_11_0	0
y_CHP_11_11_1	0
y_CHP_11_11_2	0
y_CHP_11_11_3	0
y_CHP_11_11_4	0
y_Boiler_11_11_0	0
y_Boiler_11_11_1	0
y_Boiler_11_11_2	0
y_Boiler_11_11_3	0
y_Boiler_11_11_4	0
y_Boiler_11_11_5	0
y_HP_11_12_0	0
y_HP_11_12_1	0
y_HP_11_12_2	0
y_HP_11_12_3	0
y_HP_11_12_4	0
y_HP_11_12_5	0
y_CHP_11_12_0	0
y_CHP_11_12_1	0
y_CHP_11_12_2	0
y_CHP_11_12_3	0
y_CHP_11_12_4	0
y_Boiler_11_12_0	1
y_Boiler_11_12_1	0
y_Boiler_11_12_2	0
y_Boiler_11_12_3	0
y_Boiler_11_12_4	0
y_Boiler_11_12_5	0
y_HP_11_13_0	0
y_HP_11_13_1	0
y_HP_11_13_2	0
y_HP_11_13_3	0
y_HP_11_13_4	0
y_HP_11_13_5	0
y_CHP_11_13_0	0
y_CHP_11_13_1	0
y_CHP_11_13_2	0
y_CHP_11_13_3	0
y_CHP_11_13_4	0
y_Boiler_11_13_0	0
y_Boiler_11_13_1	0
y_Boiler_11_13_2	0
y_Boiler_11_13_3	0
y_Boiler_11_13_4	0
y_Boiler_11_13_5	0
y_HP_11_14_0	0
y_HP_11_14_1	0
y_HP_11_14_2	0
y_HP_11_14_3	0
y_HP_11_14_4	0
y_HP_11_14_5	0
y_CHP_11_14_0	0
y_CHP_11_14_1	0
y_CHP_11_14_2	0
y_CHP_11_14_3	0
y_CHP_11_14_4	0
y_Boiler_11_14_0	1
y_Boiler_11_14_1	0
y_Boiler_11_14_2	0
y_Boiler_11_14_3	0
y_Boiler_11_14_4	0
y_Boiler_11_14_5	0
y_HP_11_15_0	0
y_HP_11_15_1	0
y_HP_11_15_2	0
y_HP_11_15_3	0
y_HP_11_15_4	0
y_HP_11_15_5	0
y_CHP_11_15_0	0
y_CHP_11_15_1	0
y_CHP_11_15_2	0
y_CHP_11_15_3	0
y_CHP_11_15_4	0
y_Boiler_11_15_0	0
y_Boiler_11_15_1	0
y_Boiler_11_15_2	0
y_Boiler_11_15_3	0
y_Boiler_11_15_4	0
y_Boiler_11_15_5	0
y_HP_11_16_0	0
y_HP_11_16_1	0
y_HP_11_16_2	0
y_HP_11_16_3	0
y_HP_11_16_4	0
y_HP_11_16_5	0
y_CHP_11_16_0	0
y_CHP_11_16_1	0
y_CHP_11_16_2	0
y_CHP_11_16_3	0
y_CHP_11_16_4	0
y_Boiler_11_16_0	1
y_Boiler_11_16_1	0
y_Boiler_11_16_2	0
y_Boiler_11_16_3	0
y_Boiler_11_16_4	0
y_Boiler_11_16_5	0
y_HP_11_17_0	0
y_HP_11_17_1	0
y_HP_11_17_2	0
y_HP_11_17_3	0
y_HP_11_17_4	0
y_HP_11_17_5	0
y_CHP_11_17_0	0
y_CHP_11_17_1	0
y_CHP_11_17_2	0
y_CHP_11_17_3	0
y_CHP_11_17_4	0
y_Boiler_11_17_0	0
y_Boiler_11_17_1	0
y_Boiler_11_17_2	0
y_Boiler_11_17_3	0
y_Boiler_11_17_4	0
y_Boiler_11_17_5	0
y_HP_11_18_0	0
y_HP_11_18_1	0
y_HP_11_18_2	0
y_HP_11_18_3	0
y_HP_11_18_4	0
y_HP_11_18_5	0
y_CHP_11_18_0	0
y_CHP_11_18_1	0
y_CHP_11_18_2	0
y_CHP_11_18_3	0
y_CHP_11_18_4	0
y_Boiler_11_18_0	1
y_Boiler_11_18_1	0
y_Boiler_11_18_2	0
y_Boiler_11_18_3	0
y_Boiler_11_18_4	0
y_Boiler_11_18_5	0
y_HP_11_19_0	0
y_HP_11_19_1	0
y_HP_11_19_2	0
y_HP_11_19_3	0
y_HP_11_19_4	0
y_HP_11_19_5	0
y_CHP_11_19_0	0
y_CHP_11_19_1	0
y_CHP_11_19_2	0
y_CHP_11_19_3	0
y_CHP_11_19_4	0
y_Boiler_11_19_0	1
y_Boiler_11_19_1	0
y_Boiler_11_19_2	0
y_Boiler_11_19_3	0
y_Boiler_11_19_4	0
y_Boiler_11_19_5	0
y_HP_11_20_0	0
y_HP_11_20_1	0
y_HP_11_20_2	0
y_HP_11_20_3	0
y_HP_11_20_4	0
y_HP_11_20_5	0
y_CHP_11_20_0	0
y_CHP_11_20_1	0
y_CHP_11_20_2	0
y_CHP_11_20_3	0
y_CHP_11_20_4	0
y_Boiler_11_20_0	0
y_Boiler_11_20_1	0
y_Boiler_11_20_2	0
y_Boiler_11_20_3	0
y_Boiler_11_20_4	0
y_Boiler_11_20_5	0
y_HP_11_21_0	0
y_HP_11_21_1	0
y_HP_11_21_2	0
y_HP_11_21_3	0
y_HP_11_21_4	0
y_HP_11_21_5	0
y_CHP_11_21_0	0
y_CHP_11_21_1	0
y_CHP_11_21_2	0
y_CHP_11_21_3	0
y_CHP_11_21_4	0
y_Boiler_11_21_0	1
y_Boiler_11_21_1	0
y_Boiler_11_21_2	0
y_Boiler_11_21_3	0
y_Boiler_11_21_4	0
y_Boiler_11_21_5	0
y_HP_11_22_0	0
y_HP_11_22_1	0
y_HP_11_22_2	0
y_HP_11_22_3	0
y_HP_11_22_4	0
y_HP_11_22_5	0
y_CHP_11_22_0	0
y_CHP_11_22_1	0
y_CHP_11_22_2	0
y_CHP_11_22_3	0
y_CHP_11_22_4	0
y_Boiler_11_22_0	1
y_Boiler_11_22_1	0
y_Boiler_11_22_2	0
y_Boiler_11_22_3	0
y_Boiler_11_22_4	0
y_Boiler_11_22_5	0
y_HP_11_23_0	0
y_HP_11_23_1	0
y_HP_11_23_2	0
y_HP_11_23_3	0
y_HP_11_23_4	0
y_HP_11_23_5	0
y_CHP_11_23_0	0
y_CHP_11_23_1	0
y_CHP_11_23_2	0
y_CHP_11_23_3	0
y_CHP_11_23_4	0
y_Boiler_11_23_0	0
y_Boiler_11_23_1	0
y_Boiler_11_23_2	0
y_Boiler_11_23_3	0
y_Boiler_11_23_4	0
y_Boiler_11_23_5	0
x_window_0	1
x_window_1	0
x_window_2	0
x_window_3	0
x_opaque_wall_0	1
x_opaque_wall_1	0
x_opaque_wall_2	0
x_opaque_wall_3	0
x_opaque_roof_0	1
x_opaque_roof_1	0
x_opaque_roof_2	0
x_opaque_roof_3	0
x_opaque_floor_0	1
x_class_0	0
x_class_1	0
x_class_2	0
x_class_3	0
x_class_4	1
z_1_wall_0_0	1
z_1_wall_0_1	0
z_1_wall_0_2	0
z_1_wall_0_3	0
z_4_wall_0_0	0
z_4_wall_0_1	0
z_4_wall_0_2	0
z_4_wall_0_3	0
z_4_wall_0_4	1
z_1_wall_1_0	0
z_1_wall_1_1	0
z_1_wall_1_2	0
z_1_wall_1_3	0
z_4_wall_1_0	0
z_4_wall_1_1	0
z_4_wall_1_2	0
z_4_wall_1_3	0
z_4_wall_1_4	0
z_1_wall_2_0	0
z_1_wall_2_1	0
z_1_wall_2_2	0
z_1_wall_2_3	0
z_4_wall_2_0	0
z_4_wall_2_1	0
z_4_wall_2_2	0
z_4_wall_2_3	0
z_4_wall_2_4	0
z_1_wall_3_0	0
z_1_wall_3_1	0
z_1_wall_3_2	0
z_1_wall_3_3	0
z_4_wall_3_0	0
z_4_wall_3_1	0
z_4_wall_3_2	0
z_4_wall_3_3	0
z_4_wall_3_4	0
z_1_roof_0_0	1
z_1_roof_0_1	0
z_1_roof_0_2	0
z_1_roof_0_3	0
z_4_roof_0_0	0
z_4_roof_0_1	0
z_4_roof_0_2	0
z_4_roof_0_3	0
z_4_roof_0_4	1
z_1_roof_1_0	0
z_1_roof_1_1	0
z_1_roof_1_2	0
z_1_roof_1_3	0
z_4_roof_1_0	0
z_4_roof_1_1	0
z_4_roof_1_2	0
z_4_roof_1_3	0
z_4_roof_1_4	0
z_1_roof_2_0	0
z_1_roof_2_1	0
z_1_roof_2_2	0
z_1_roof_2_3	0
z_4_roof_2_0	0
z_4_roof_2_1	0
z_4_roof_2_2	0
z_4_roof_2_3	0
z_4_roof_2_4	0
z_1_roof_3_0	0
z_1_roof_3_1	0
z_1_roof_3_2	0
z_1_roof_3_3	0
z_4_roof_3_0	0
z_4_roof_3_1	0
z_4_roof_3_2	0
z_4_roof_3_3	0
z_4_roof_3_4	0
z_1_floor_0_0	1
z_1_floor_0_1	0
z_1_floor_0_2	0
z_1_floor_0_3	0
z_4_floor_0_0	0
z_4_floor_0_1	0
z_4_floor_0_2	0
z_4_floor_0_3	0
z_4_floor_0_4	1
z_5_0_0	0
z_5_0_1	0
z_5_0_2	0
z_5_0_3	0
z_5_0_4	1
z_5_1_0	0
z_5_1_1	0
z_5_1_2	0
z_5_1_3	0
z_5_1_4	0
z_5_2_0	0
z_5_2_1	0
z_5_2_2	0
z_5_2_3	0
z_5_2_4	0
z_5_3_0	0
z_5_3_1	0
z_5_3_2	0
z_5_3_3	0
z_5_3_4	0
